SITE,LINE,PLC_STATION_ID,ORDER,SFC,TXNTYPE,REASON_CODE,START_DATE_TIME,END_DATE_TIME,TXN_VARIANT_CODE,TXN_VARIANT_DATA,PRE_WEIGHT,POST_WEIGHT,STATUS,ACTIVITY,CREATED_BY,CREATED_DATE_TIME,MODIFIED_DATE_TIME,RETRY_COUNT
1297,L1_SA_SU,1,SU01,2019101700-00001,1,10,10/17/2019 15:40:02,10/17/2019 15:40:06,1,E02B0040002A40E0,0,0,SUCCESS,SFC_COMPLETE,MESYS,10/17/2019 07:40:18,10/17/2019 07:40:18,4
1297,L1_SA_SU,2,SU01,2019101700-00001,1,20,10/17/2019 15:41:27,10/17/2019 15:42:02,,,0,206,SUCCESS,SFC_COMPLETE,MESYS,10/17/2019 07:42:24,10/17/2019 07:42:24,4
1297,L1_SA_SU,3,SU01,2019101700-00001,1,30,10/17/2019 15:42:31,10/17/2019 15:42:46,,,206,663,SUCCESS,SFC_COMPLETE,MESYS,10/17/2019 07:46:24,10/17/2019 07:46:24,4
1297,L1_SA_SU,4,SU01,2019101700-00001,1,40,10/17/2019 15:46:36,10/17/2019 15:46:53,,,663,663,SUCCESS,SFC_COMPLETE,MESYS,10/17/2019 07:47:08,10/17/2019 07:47:08,4
1297,L1_SA_SU,5,SU01,2019101700-00001,1,50,10/17/2019 15:47:10,10/17/2019 15:47:26,,,663,966,SUCCESS,SFC_COMPLETE,MESYS,10/17/2019 07:47:38,10/17/2019 07:47:38,4
1297,L1_SA_SU,6,SU01,2019101700-00001,1,60,10/17/2019 15:47:41,10/17/2019 15:47:53,,,966,966,SUCCESS,SFC_COMPLETE,MESYS,10/17/2019 07:48:05,10/17/2019 07:48:05,4
1297,L1_SA_SU,7,SU01,2019101700-00001,1,70,10/17/2019 15:48:33,10/17/2019 15:48:42,,,966,966,SUCCESS,SFC_COMPLETE,MESYS,10/17/2019 07:48:51,10/17/2019 07:48:51,4
1297,L1_SA_SU,8,SU01,2019101700-00001,1,80,10/17/2019 10:03:10,10/17/2019 10:03:21,,,966,966,SUCCESS,SFC_COMPLETE,MESYS,10/17/2019 08:03:27,10/17/2019 08:03:27,4
1297,L1_SA_SU,1,SU01,2019101700-00002,1,10,10/17/2019 10:04:36,10/17/2019 10:04:41,1,E02B0040002A410A,0,0,SUCCESS,SFC_COMPLETE,MESYS,10/17/2019 08:04:45,10/17/2019 08:04:45,4
1297,L1_SA_SU,2,SU01,2019101700-00002,1,20,10/17/2019 10:04:49,10/17/2019 10:05:09,,,0,204,SUCCESS,SFC_COMPLETE,MESYS,10/17/2019 08:05:13,10/17/2019 08:05:13,4
1297,L1_SA_SU,3,SU01,2019101700-00002,1,30,10/17/2019 10:05:19,10/17/2019 10:05:34,,,204,661,SUCCESS,SFC_COMPLETE,MESYS,10/17/2019 08:05:40,10/17/2019 08:05:40,4
1297,L1_SA_SU,4,SU01,2019101700-00002,1,40,10/17/2019 10:05:45,10/17/2019 10:06:01,,,661,661,SUCCESS,SFC_COMPLETE,MESYS,10/17/2019 08:06:07,10/17/2019 08:06:07,4
1297,L1_SA_SU,5,SU01,2019101700-00002,1,50,10/17/2019 10:06:23,10/17/2019 10:06:40,,,661,967,SUCCESS,SFC_COMPLETE,MESYS,10/17/2019 08:06:45,10/17/2019 08:06:45,4
1297,L1_SA_SU,6,SU01,2019101700-00002,1,60,10/17/2019 10:06:56,10/17/2019 10:07:07,,,967,967,SUCCESS,SFC_COMPLETE,MESYS,10/17/2019 08:07:12,10/17/2019 08:07:12,4
1297,L1_SA_SU,7,SU01,2019101700-00002,1,70,10/17/2019 10:07:37,10/17/2019 10:07:46,,,967,967,SUCCESS,SFC_COMPLETE,MESYS,10/17/2019 08:07:48,10/17/2019 08:07:48,4
1297,L1_SA_SU,8,SU01,2019101700-00002,1,80,10/17/2019 10:08:08,10/17/2019 10:08:19,,,967,967,SUCCESS,SFC_COMPLETE,MESYS,10/17/2019 08:08:24,10/17/2019 08:08:24,4
1297,L1_SA_SU,1,SU01,2019101700-00003,1,10,10/17/2019 10:09:39,10/17/2019 10:09:43,1,E02B0040002A411F,0,0,SUCCESS,SFC_COMPLETE,MESYS,10/17/2019 08:09:48,10/17/2019 08:09:48,4
1297,L1_SA_SU,2,SU01,2019101700-00003,1,20,10/17/2019 10:09:53,10/17/2019 10:10:08,,,0,205,SUCCESS,SFC_COMPLETE,MESYS,10/17/2019 08:10:12,10/17/2019 08:10:12,4
1297,L1_SA_SU,3,SU01,2019101700-00003,1,30,10/17/2019 10:10:16,10/17/2019 10:10:34,,,205,665,SUCCESS,SFC_COMPLETE,MESYS,10/17/2019 08:10:38,10/17/2019 08:10:38,4
1297,L1_SA_SU,4,SU01,2019101700-00003,1,40,10/17/2019 10:10:45,10/17/2019 10:11:02,,,665,665,SUCCESS,SFC_COMPLETE,MESYS,10/17/2019 08:11:07,10/17/2019 08:11:07,4
1297,L1_SA_SU,5,SU01,2019101700-00003,1,50,10/17/2019 10:11:15,10/17/2019 10:11:32,,,665,970,SUCCESS,SFC_COMPLETE,MESYS,10/17/2019 08:11:38,10/17/2019 08:11:38,4
1297,L1_SA_SU,6,SU01,2019101700-00003,1,60,10/17/2019 10:11:51,10/17/2019 10:12:02,,,970,970,SUCCESS,SFC_COMPLETE,MESYS,10/17/2019 08:12:08,10/17/2019 08:12:08,4
1297,L1_SA_SU,7,SU01,2019101700-00003,1,70,10/17/2019 10:12:52,10/17/2019 10:13:01,,,970,970,SUCCESS,SFC_COMPLETE,MESYS,10/17/2019 08:13:03,10/17/2019 08:13:03,4
1297,L1_SA_SU,8,SU01,2019101700-00003,1,80,10/17/2019 10:16:51,10/17/2019 10:17:01,,,970,970,SUCCESS,SFC_COMPLETE,MESYS,10/17/2019 08:17:06,10/17/2019 08:17:06,4
1297,L1_SA_SU,1,SU01,2019101700-00004,1,10,10/17/2019 10:13:26,10/17/2019 10:13:30,1,E02B0040002A413D,0,0,SUCCESS,SFC_COMPLETE,MESYS,10/17/2019 08:13:35,10/17/2019 08:13:35,4
1297,L1_SA_SU,2,SU01,2019101700-00004,1,20,10/17/2019 10:13:42,10/17/2019 10:13:58,,,0,205,SUCCESS,SFC_COMPLETE,MESYS,10/17/2019 08:14:02,10/17/2019 08:14:02,4
1297,L1_SA_SU,3,SU01,2019101700-00004,1,30,10/17/2019 10:14:05,10/17/2019 10:14:20,,,205,663,SUCCESS,SFC_COMPLETE,MESYS,10/17/2019 08:14:24,10/17/2019 08:14:24,4
1297,L1_SA_SU,4,SU01,2019101700-00004,1,40,10/17/2019 10:14:31,10/17/2019 10:14:47,,,663,663,SUCCESS,SFC_COMPLETE,MESYS,10/17/2019 08:14:52,10/17/2019 08:14:52,4
1297,L1_SA_SU,5,SU01,2019101700-00004,1,50,10/17/2019 10:14:57,10/17/2019 10:15:12,,,663,967,SUCCESS,SFC_COMPLETE,MESYS,10/17/2019 08:15:16,10/17/2019 08:15:16,4
1297,L1_SA_SU,6,SU01,2019101700-00004,1,60,10/17/2019 10:15:28,10/17/2019 10:15:39,,,967,967,SUCCESS,SFC_COMPLETE,MESYS,10/17/2019 08:15:45,10/17/2019 08:15:45,4
1297,L1_SA_SU,7,SU01,2019101700-00004,1,70,10/17/2019 10:16:14,10/17/2019 10:16:23,,,967,967,SUCCESS,SFC_COMPLETE,MESYS,10/17/2019 08:16:25,10/17/2019 08:16:25,4
1297,L1_SA_SU,8,SU01,2019101700-00004,1,80,10/17/2019 10:18:17,10/17/2019 10:18:27,,,967,967,SUCCESS,SFC_COMPLETE,MESYS,10/17/2019 08:18:33,10/17/2019 08:18:33,4
1297,L1_SA_SU,1,SU01,2019101700-00005,1,10,10/17/2019 10:14:35,10/17/2019 10:14:39,1,E02B0040002A413C,0,0,SUCCESS,SFC_COMPLETE,MESYS,10/17/2019 08:14:44,10/17/2019 08:14:44,4
1297,L1_SA_SU,2,SU01,2019101700-00005,1,20,10/17/2019 10:15:31,10/17/2019 10:15:44,,,0,203,SUCCESS,SFC_COMPLETE,MESYS,10/17/2019 08:15:47,10/17/2019 08:15:47,4
1297,L1_SA_SU,3,SU01,2019101700-00005,1,30,10/17/2019 10:15:52,10/17/2019 10:16:07,,,203,662,SUCCESS,SFC_COMPLETE,MESYS,10/17/2019 08:16:11,10/17/2019 08:16:11,4
1297,L1_SA_SU,4,SU01,2019101700-00005,1,40,10/17/2019 10:16:17,10/17/2019 10:16:34,,,662,662,SUCCESS,SFC_COMPLETE,MESYS,10/17/2019 08:16:39,10/17/2019 08:16:39,4
1297,L1_SA_SU,5,SU01,2019101700-00005,1,50,10/17/2019 10:16:42,10/17/2019 10:17:00,,,662,967,SUCCESS,SFC_COMPLETE,MESYS,10/17/2019 08:17:04,10/17/2019 08:17:04,4
1297,L1_SA_SU,6,SU01,2019101700-00005,1,60,10/17/2019 10:17:14,10/17/2019 10:17:25,,,967,967,SUCCESS,SFC_COMPLETE,MESYS,10/17/2019 08:17:30,10/17/2019 08:17:30,4
1297,L1_SA_SU,7,SU01,2019101700-00005,1,70,10/17/2019 10:17:59,10/17/2019 10:18:08,,,967,967,SUCCESS,SFC_COMPLETE,MESYS,10/17/2019 08:18:10,10/17/2019 08:18:10,4
1297,L1_SA_SU,8,SU01,2019101700-00005,1,80,10/17/2019 10:19:27,10/17/2019 10:19:38,,,967,967,SUCCESS,SFC_COMPLETE,MESYS,10/17/2019 08:19:43,10/17/2019 08:19:43,4
1297,L1_SA_SU,1,SU01,2019101700-00006,1,10,10/17/2019 10:15:23,10/17/2019 10:15:27,1,E02B0040002A411E,0,0,SUCCESS,SFC_COMPLETE,MESYS,10/17/2019 08:15:32,10/17/2019 08:15:32,4
1297,L1_SA_SU,2,SU01,2019101700-00006,1,20,10/17/2019 10:15:52,10/17/2019 10:16:06,,,0,204,SUCCESS,SFC_COMPLETE,MESYS,10/17/2019 08:16:22,10/17/2019 08:16:22,4
1297,L1_SA_SU,3,SU01,2019101700-00006,1,30,10/17/2019 10:16:26,10/17/2019 10:16:40,,,204,662,SUCCESS,SFC_COMPLETE,MESYS,10/17/2019 08:16:46,10/17/2019 08:16:46,4
1297,L1_SA_SU,4,SU01,2019101700-00006,1,40,10/17/2019 10:16:51,10/17/2019 10:17:08,,,662,662,SUCCESS,SFC_COMPLETE,MESYS,10/17/2019 08:17:21,10/17/2019 08:17:21,4
1297,L1_SA_SU,5,SU01,2019101700-00006,1,50,10/17/2019 10:17:27,10/17/2019 10:17:52,,,662,966,SUCCESS,SFC_COMPLETE,MESYS,10/17/2019 08:17:55,10/17/2019 08:17:55,4
1297,L1_SA_SU,6,SU01,2019101700-00006,1,60,10/17/2019 10:18:04,10/17/2019 10:18:16,,,966,966,SUCCESS,SFC_COMPLETE,MESYS,10/17/2019 08:18:47,10/17/2019 08:18:47,4
1297,L1_SA_SU,7,SU01,2019101700-00006,1,70,10/17/2019 10:19:13,10/17/2019 10:19:22,,,966,966,SUCCESS,SFC_COMPLETE,MESYS,10/17/2019 08:19:24,10/17/2019 08:19:24,4
1297,L1_SA_SU,8,SU01,2019101700-00006,1,80,10/17/2019 10:20:35,10/17/2019 10:20:46,,,966,966,SUCCESS,SFC_COMPLETE,MESYS,10/17/2019 08:20:52,10/17/2019 08:20:52,4
1297,L1_SA_SU,1,SU01,2019101700-00007,1,10,10/17/2019 10:16:26,10/17/2019 10:16:30,1,E02B0040002A4109,0,0,SUCCESS,SFC_COMPLETE,MESYS,10/17/2019 08:16:34,10/17/2019 08:16:34,4
1297,L1_SA_SU,2,SU01,2019101700-00007,1,20,10/17/2019 10:16:39,10/17/2019 10:16:52,,,0,204,SUCCESS,SFC_COMPLETE,MESYS,10/17/2019 08:17:15,10/17/2019 08:17:15,4
1297,L1_SA_SU,3,SU01,2019101700-00007,1,30,10/17/2019 10:17:18,10/17/2019 10:17:35,,,204,660,SUCCESS,SFC_COMPLETE,MESYS,10/17/2019 08:17:38,10/17/2019 08:17:38,4
1297,L1_SA_SU,4,SU01,2019101700-00007,1,40,10/17/2019 10:17:45,10/17/2019 10:18:02,,,660,660,SUCCESS,SFC_COMPLETE,MESYS,10/17/2019 08:18:12,10/17/2019 08:18:12,4
1297,L1_SA_SU,5,SU01,2019101700-00007,1,50,10/17/2019 10:18:16,10/17/2019 10:18:36,,,660,965,SUCCESS,SFC_COMPLETE,MESYS,10/17/2019 08:18:47,10/17/2019 08:18:47,4
1297,L1_SA_SU,6,SU01,2019101700-00007,1,60,10/17/2019 10:18:57,10/17/2019 10:19:09,,,965,965,SUCCESS,SFC_COMPLETE,MESYS,10/17/2019 08:19:54,10/17/2019 08:19:54,4
1297,L1_SA_SU,7,SU01,2019101700-00007,1,70,10/17/2019 10:20:20,10/17/2019 10:20:29,,,965,965,SUCCESS,SFC_COMPLETE,MESYS,10/17/2019 08:20:31,10/17/2019 08:20:31,4
1297,L1_SA_SU,8,SU01,2019101700-00007,1,80,10/17/2019 10:21:20,10/17/2019 10:21:31,,,965,965,SUCCESS,SFC_COMPLETE,MESYS,10/17/2019 08:21:39,10/17/2019 08:21:39,4
1297,L1_SA_SU,1,SU01,2019101700-00008,1,10,10/17/2019 10:17:18,10/17/2019 10:17:22,1,E02B0040002A408C,0,0,SUCCESS,SFC_COMPLETE,MESYS,10/17/2019 08:17:26,10/17/2019 08:17:26,4
1297,L1_SA_SU,2,SU01,2019101700-00008,1,20,10/17/2019 10:17:31,10/17/2019 10:17:43,,,0,206,SUCCESS,SFC_COMPLETE,MESYS,10/17/2019 08:18:05,10/17/2019 08:18:05,4
1297,L1_SA_SU,3,SU01,2019101700-00008,1,30,10/17/2019 10:18:09,10/17/2019 10:18:24,,,206,666,SUCCESS,SFC_COMPLETE,MESYS,10/17/2019 08:18:37,10/17/2019 08:18:37,4
1297,L1_SA_SU,4,SU01,2019101700-00008,1,40,10/17/2019 10:18:43,10/17/2019 10:19:00,,,666,666,SUCCESS,SFC_COMPLETE,MESYS,10/17/2019 08:19:05,10/17/2019 08:19:05,4
1297,L1_SA_SU,5,SU01,2019101700-00008,1,50,10/17/2019 10:19:10,10/17/2019 10:19:34,,,666,971,SUCCESS,SFC_COMPLETE,MESYS,10/17/2019 08:20:03,10/17/2019 08:20:03,4
1297,L1_SA_SU,6,SU01,2019101700-00008,1,60,10/17/2019 10:20:13,10/17/2019 10:20:24,,,971,971,SUCCESS,SFC_COMPLETE,MESYS,10/17/2019 08:20:34,10/17/2019 08:20:34,4
1297,L1_SA_SU,7,SU01,2019101700-00008,1,70,10/17/2019 10:21:04,10/17/2019 10:21:13,,,971,971,SUCCESS,SFC_COMPLETE,MESYS,10/17/2019 08:21:15,10/17/2019 08:21:15,4
1297,L1_SA_SU,8,SU01,2019101700-00008,1,80,10/17/2019 10:24:54,10/17/2019 10:25:04,,,971,971,SUCCESS,SFC_COMPLETE,MESYS,10/17/2019 08:25:08,10/17/2019 08:25:08,4
1297,L1_SA_SU,1,SU01,2019101700-00009,1,10,10/17/2019 10:18:02,10/17/2019 10:18:06,1,E02B0040002A4066,0,0,SUCCESS,SFC_COMPLETE,MESYS,10/17/2019 08:18:11,10/17/2019 08:18:11,4
1297,L1_SA_SU,2,SU01,2019101700-00009,1,20,10/17/2019 10:18:17,10/17/2019 10:18:54,,,0,204,SUCCESS,SFC_COMPLETE,MESYS,10/17/2019 08:18:59,10/17/2019 08:18:59,4
1297,L1_SA_SU,3,SU01,2019101700-00009,1,30,10/17/2019 10:19:03,10/17/2019 10:19:18,,,204,660,SUCCESS,SFC_COMPLETE,MESYS,10/17/2019 08:19:22,10/17/2019 08:19:22,4
1297,L1_SA_SU,4,SU01,2019101700-00009,1,40,10/17/2019 10:19:39,10/17/2019 10:19:56,,,660,660,SUCCESS,SFC_COMPLETE,MESYS,10/17/2019 08:20:13,10/17/2019 08:20:13,4
1297,L1_SA_SU,5,SU01,2019101700-00009,1,51,10/17/2019 10:20:19,10/17/2019 10:20:34,,,660,964,SUCCESS,SFC_COMPLETE,MESYS,10/17/2019 08:21:10,10/17/2019 08:21:10,4
1297,L1_SA_SU,6,SU01,2019101700-00009,2,63,10/17/2019 10:21:20,10/17/2019 10:21:29,,,964,964,SUCCESS,SFC_SCRAP,MESYS,10/17/2019 08:21:31,10/17/2019 08:21:31,4
1297,L1_SA_SU,1,SU01,2019101700-00010,1,10,10/17/2019 10:19:07,10/17/2019 10:19:11,1,E02B0040002A402E,0,0,SUCCESS,SFC_COMPLETE,MESYS,10/17/2019 08:19:16,10/17/2019 08:19:16,4
1297,L1_SA_SU,2,SU01,2019101700-00010,1,20,10/17/2019 10:19:20,10/17/2019 10:19:35,,,0,204,SUCCESS,SFC_COMPLETE,MESYS,10/17/2019 08:19:39,10/17/2019 08:19:39,4
1297,L1_SA_SU,3,SU01,2019101700-00010,1,30,10/17/2019 10:19:42,10/17/2019 10:20:07,,,204,660,SUCCESS,SFC_COMPLETE,MESYS,10/17/2019 08:20:25,10/17/2019 08:20:25,4
1297,L1_SA_SU,4,SU01,2019101700-00010,1,40,10/17/2019 10:20:33,10/17/2019 10:20:50,,,660,660,SUCCESS,SFC_COMPLETE,MESYS,10/17/2019 08:20:58,10/17/2019 08:20:58,4
1297,L1_SA_SU,5,SU01,2019101700-00010,1,50,10/17/2019 10:22:44,10/17/2019 10:23:00,,,660,964,SUCCESS,SFC_COMPLETE,MESYS,10/17/2019 08:23:04,10/17/2019 08:23:04,4
1297,L1_SA_SU,6,SU01,2019101700-00010,1,60,10/17/2019 10:23:13,10/17/2019 10:23:24,,,964,964,SUCCESS,SFC_COMPLETE,MESYS,10/17/2019 08:23:29,10/17/2019 08:23:29,4
1297,L1_SA_SU,7,SU01,2019101700-00010,1,70,10/17/2019 10:23:58,10/17/2019 10:24:06,,,964,964,SUCCESS,SFC_COMPLETE,MESYS,10/17/2019 08:24:09,10/17/2019 08:24:09,4
1297,L1_SA_SU,8,SU01,2019101700-00010,1,80,10/17/2019 10:26:38,10/17/2019 10:26:49,,,964,964,SUCCESS,SFC_COMPLETE,MESYS,10/17/2019 08:26:52,10/17/2019 08:26:52,4
1297,L1_SA_SU,1,SU01,2019101700-00011,1,10,10/17/2019 10:19:48,10/17/2019 10:19:52,1,E02B0040002A4008,0,0,SUCCESS,SFC_COMPLETE,MESYS,10/17/2019 08:19:57,10/17/2019 08:19:57,4
1297,L1_SA_SU,2,SU01,2019101700-00011,1,20,10/17/2019 10:20:06,10/17/2019 10:20:21,,,0,203,SUCCESS,SFC_COMPLETE,MESYS,10/17/2019 08:20:38,10/17/2019 08:20:38,4
1297,L1_SA_SU,3,SU01,2019101700-00011,1,30,10/17/2019 10:20:41,10/17/2019 10:20:57,,,203,662,SUCCESS,SFC_COMPLETE,MESYS,10/17/2019 08:21:24,10/17/2019 08:21:24,4
1297,L1_SA_SU,4,SU01,2019101700-00011,1,40,10/17/2019 10:22:13,10/17/2019 10:22:30,,,662,662,SUCCESS,SFC_COMPLETE,MESYS,10/17/2019 08:24:23,10/17/2019 08:24:23,4
1297,L1_SA_SU,5,SU01,2019101700-00011,1,50,10/17/2019 10:24:28,10/17/2019 10:25:03,,,662,967,SUCCESS,SFC_COMPLETE,MESYS,10/17/2019 08:25:09,10/17/2019 08:25:09,4
1297,L1_SA_SU,6,SU01,2019101700-00011,1,60,10/17/2019 10:25:27,10/17/2019 10:25:38,,,967,967,SUCCESS,SFC_COMPLETE,MESYS,10/17/2019 08:25:42,10/17/2019 08:25:42,4
1297,L1_SA_SU,7,SU01,2019101700-00011,1,70,10/17/2019 10:26:14,10/17/2019 10:26:23,,,967,967,SUCCESS,SFC_COMPLETE,MESYS,10/17/2019 08:26:25,10/17/2019 08:26:25,4
1297,L1_SA_SU,8,SU01,2019101700-00011,1,80,10/17/2019 10:29:33,10/17/2019 10:29:43,,,967,967,SUCCESS,SFC_COMPLETE,MESYS,10/17/2019 08:29:48,10/17/2019 08:29:48,4
1297,L1_SA_SU,1,SU01,2019101700-00012,1,10,10/17/2019 10:20:35,10/17/2019 10:20:39,1,E02B0040002A3FC9,0,0,SUCCESS,SFC_COMPLETE,MESYS,10/17/2019 08:20:43,10/17/2019 08:20:43,4
1297,L1_SA_SU,2,SU01,2019101700-00012,1,20,10/17/2019 10:20:48,10/17/2019 10:21:01,,,0,203,SUCCESS,SFC_COMPLETE,MESYS,10/17/2019 08:23:40,10/17/2019 08:23:40,4
1297,L1_SA_SU,3,SU01,2019101700-00012,1,30,10/17/2019 10:24:09,10/17/2019 10:24:24,,,203,658,SUCCESS,SFC_COMPLETE,MESYS,10/17/2019 08:24:34,10/17/2019 08:24:34,4
1297,L1_SA_SU,4,SU01,2019101700-00012,1,40,10/17/2019 10:24:45,10/17/2019 10:25:01,,,658,658,SUCCESS,SFC_COMPLETE,MESYS,10/17/2019 08:25:12,10/17/2019 08:25:12,4
1297,L1_SA_SU,5,SU01,2019101700-00012,1,50,10/17/2019 10:25:53,10/17/2019 10:26:30,,,658,962,SUCCESS,SFC_COMPLETE,MESYS,10/17/2019 08:27:17,10/17/2019 08:27:17,4
1297,L1_SA_SU,6,SU01,2019101700-00012,1,60,10/17/2019 10:27:59,10/17/2019 10:28:10,,,962,962,SUCCESS,SFC_COMPLETE,MESYS,10/17/2019 08:28:16,10/17/2019 08:28:16,4
1297,L1_SA_SU,7,SU01,2019101700-00012,2,73,10/17/2019 10:28:29,10/17/2019 10:28:35,,,962,962,SUCCESS,SFC_SCRAP,MESYS,10/17/2019 08:28:37,10/17/2019 08:28:37,4
1297,L1_SA_SU,1,SU01,2019101700-00013,1,10,10/17/2019 10:21:14,10/17/2019 10:21:18,1,E02B0040002A3F92,0,0,SUCCESS,SFC_COMPLETE,MESYS,10/17/2019 08:21:22,10/17/2019 08:21:22,4
1297,L1_SA_SU,2,SU01,2019101700-00013,1,20,10/17/2019 10:24:20,10/17/2019 10:24:41,,,0,204,SUCCESS,SFC_COMPLETE,MESYS,10/17/2019 08:24:50,10/17/2019 08:24:50,4
1297,L1_SA_SU,3,SU01,2019101700-00013,1,30,10/17/2019 10:24:55,10/17/2019 10:25:11,,,204,663,SUCCESS,SFC_COMPLETE,MESYS,10/17/2019 08:25:44,10/17/2019 08:25:44,4
1297,L1_SA_SU,4,SU01,2019101700-00013,1,40,10/17/2019 10:25:55,10/17/2019 10:26:11,,,663,663,SUCCESS,SFC_COMPLETE,MESYS,10/17/2019 08:26:31,10/17/2019 08:26:31,4
1297,L1_SA_SU,5,SU01,2019101700-00013,1,50,10/17/2019 10:28:27,10/17/2019 10:28:55,,,663,968,SUCCESS,SFC_COMPLETE,MESYS,10/17/2019 08:29:40,10/17/2019 08:29:40,4
1297,L1_SA_SU,6,SU01,2019101700-00013,1,60,10/17/2019 10:29:50,10/17/2019 10:30:01,,,968,968,SUCCESS,SFC_COMPLETE,MESYS,10/17/2019 08:30:06,10/17/2019 08:30:06,4
1297,L1_SA_SU,7,SU01,2019101700-00013,1,70,10/17/2019 10:30:35,10/17/2019 10:30:43,,,968,968,SUCCESS,SFC_COMPLETE,MESYS,10/17/2019 08:30:46,10/17/2019 08:30:46,4
1297,L1_SA_SU,8,SU01,2019101700-00013,1,80,10/17/2019 10:32:15,10/17/2019 10:32:25,,,968,968,SUCCESS,SFC_COMPLETE,MESYS,10/17/2019 08:32:44,10/17/2019 08:32:44,4
1297,L1_SA_SU,1,SU01,2019101700-00014,1,10,10/17/2019 10:24:29,10/17/2019 10:24:33,1,E02B0040002A3F5A,0,0,SUCCESS,SFC_COMPLETE,MESYS,10/17/2019 08:24:38,10/17/2019 08:24:38,4
1297,L1_SA_SU,2,SU01,2019101700-00014,1,20,10/17/2019 10:24:51,10/17/2019 10:25:06,,,0,204,SUCCESS,SFC_COMPLETE,MESYS,10/17/2019 08:26:08,10/17/2019 08:26:08,4
1297,L1_SA_SU,3,SU01,2019101700-00014,1,30,10/17/2019 10:26:12,10/17/2019 10:26:46,,,204,660,SUCCESS,SFC_COMPLETE,MESYS,10/17/2019 08:27:05,10/17/2019 08:27:05,4
1297,L1_SA_SU,4,SU01,2019101700-00014,1,40,10/17/2019 10:28:02,10/17/2019 10:28:18,,,660,660,SUCCESS,SFC_COMPLETE,MESYS,10/17/2019 08:29:43,10/17/2019 08:29:43,4
1297,L1_SA_SU,5,SU01,2019101700-00014,1,50,10/17/2019 10:29:51,10/17/2019 10:30:12,,,660,964,SUCCESS,SFC_COMPLETE,MESYS,10/17/2019 08:30:24,10/17/2019 08:30:24,4
1297,L1_SA_SU,6,SU01,2019101700-00014,1,60,10/17/2019 10:30:39,10/17/2019 10:30:50,,,964,964,SUCCESS,SFC_COMPLETE,MESYS,10/17/2019 08:30:55,10/17/2019 08:30:55,4
1297,L1_SA_SU,7,SU01,2019101700-00014,1,70,10/17/2019 10:31:53,10/17/2019 10:32:02,,,964,964,SUCCESS,SFC_COMPLETE,MESYS,10/17/2019 08:32:04,10/17/2019 08:32:04,4
1297,L1_SA_SU,8,SU01,2019101700-00014,1,80,10/17/2019 10:33:26,10/17/2019 10:33:36,,,964,964,SUCCESS,SFC_COMPLETE,MESYS,10/17/2019 08:33:48,10/17/2019 08:33:48,4
1297,L1_SA_SU,1,SU01,2019101700-00015,1,10,10/17/2019 10:25:26,10/17/2019 10:25:30,1,E02B0040002A3F23,0,0,SUCCESS,SFC_COMPLETE,MESYS,10/17/2019 08:25:34,10/17/2019 08:25:34,4
1297,L1_SA_SU,2,SU01,2019101700-00015,1,20,10/17/2019 10:26:11,10/17/2019 10:26:25,,,0,205,SUCCESS,SFC_COMPLETE,MESYS,10/17/2019 08:28:08,10/17/2019 08:28:08,4
1297,L1_SA_SU,3,SU01,2019101700-00015,1,30,10/17/2019 10:29:10,10/17/2019 10:29:29,,,205,659,SUCCESS,SFC_COMPLETE,MESYS,10/17/2019 08:29:57,10/17/2019 08:29:57,4
1297,L1_SA_SU,4,SU01,2019101700-00015,1,40,10/17/2019 10:30:16,10/17/2019 10:30:33,,,659,659,SUCCESS,SFC_COMPLETE,MESYS,10/17/2019 08:30:44,10/17/2019 08:30:44,4
1297,L1_SA_SU,5,SU01,2019101700-00015,1,50,10/17/2019 10:30:50,10/17/2019 10:31:06,,,659,964,SUCCESS,SFC_COMPLETE,MESYS,10/17/2019 08:31:23,10/17/2019 08:31:23,4
1297,L1_SA_SU,6,SU01,2019101700-00015,1,60,10/17/2019 10:31:35,10/17/2019 10:31:46,,,964,964,SUCCESS,SFC_COMPLETE,MESYS,10/17/2019 08:32:10,10/17/2019 08:32:10,4
1297,L1_SA_SU,7,SU01,2019101700-00015,1,70,10/17/2019 10:32:45,10/17/2019 10:32:54,,,964,964,SUCCESS,SFC_COMPLETE,MESYS,10/17/2019 08:32:56,10/17/2019 08:32:56,4
1297,L1_SA_SU,8,SU01,2019101700-00015,1,80,10/17/2019 10:34:48,10/17/2019 10:34:58,,,964,964,SUCCESS,SFC_COMPLETE,MESYS,10/17/2019 08:35:16,10/17/2019 08:35:16,4
1297,L1_SA_SU,1,SU01,2019101700-00016,1,10,10/17/2019 10:27:13,10/17/2019 10:27:17,1,E02B0040002A3DB9,0,0,SUCCESS,SFC_COMPLETE,MESYS,10/17/2019 08:27:22,10/17/2019 08:27:22,4
1297,L1_SA_SU,2,SU01,2019101700-00016,1,20,10/17/2019 10:29:41,10/17/2019 10:29:57,,,0,205,SUCCESS,SFC_COMPLETE,MESYS,10/17/2019 08:30:23,10/17/2019 08:30:23,4
1297,L1_SA_SU,3,SU01,2019101700-00016,1,30,10/17/2019 10:30:28,10/17/2019 10:30:42,,,205,664,SUCCESS,SFC_COMPLETE,MESYS,10/17/2019 08:31:07,10/17/2019 08:31:07,4
1297,L1_SA_SU,4,SU01,2019101700-00016,1,40,10/17/2019 10:31:14,10/17/2019 10:31:31,,,664,664,SUCCESS,SFC_COMPLETE,MESYS,10/17/2019 08:31:52,10/17/2019 08:31:52,4
1297,L1_SA_SU,5,SU01,2019101700-00016,1,50,10/17/2019 10:32:22,10/17/2019 10:32:42,,,664,968,SUCCESS,SFC_COMPLETE,MESYS,10/17/2019 08:32:54,10/17/2019 08:32:54,4
1297,L1_SA_SU,6,SU01,2019101700-00016,1,60,10/17/2019 10:33:05,10/17/2019 10:33:16,,,968,968,SUCCESS,SFC_COMPLETE,MESYS,10/17/2019 08:33:43,10/17/2019 08:33:43,4
1297,L1_SA_SU,7,SU01,2019101700-00016,1,70,10/17/2019 10:34:25,10/17/2019 10:34:34,,,968,968,SUCCESS,SFC_COMPLETE,MESYS,10/17/2019 08:34:36,10/17/2019 08:34:36,4
1297,L1_SA_SU,8,SU01,2019101700-00016,1,80,10/17/2019 10:35:38,10/17/2019 10:35:49,,,968,968,SUCCESS,SFC_COMPLETE,MESYS,10/17/2019 08:36:04,10/17/2019 08:36:04,4
1297,L1_SA_SU,1,SU01,2019101700-00017,1,10,10/17/2019 10:30:46,10/17/2019 10:30:50,1,E02B0040002A3D72,0,0,SUCCESS,SFC_COMPLETE,MESYS,10/17/2019 08:30:57,10/17/2019 08:30:57,4
1297,L1_SA_SU,2,SU01,2019101700-00017,1,20,10/17/2019 10:31:03,10/17/2019 10:31:22,,,0,205,SUCCESS,SFC_COMPLETE,MESYS,10/17/2019 08:31:29,10/17/2019 08:31:29,4
1297,L1_SA_SU,3,SU01,2019101700-00017,1,30,10/17/2019 10:31:33,10/17/2019 10:31:50,,,205,663,SUCCESS,SFC_COMPLETE,MESYS,10/17/2019 08:32:44,10/17/2019 08:32:44,4
1297,L1_SA_SU,4,SU01,2019101700-00017,1,40,10/17/2019 10:32:51,10/17/2019 10:33:08,,,663,663,SUCCESS,SFC_COMPLETE,MESYS,10/17/2019 08:33:15,10/17/2019 08:33:15,4
1297,L1_SA_SU,5,SU01,2019101700-00017,1,50,10/17/2019 10:33:20,10/17/2019 10:33:40,,,663,970,SUCCESS,SFC_COMPLETE,MESYS,10/17/2019 08:34:24,10/17/2019 08:34:24,4
1297,L1_SA_SU,6,SU01,2019101700-00017,1,60,10/17/2019 10:34:34,10/17/2019 10:34:45,,,970,970,SUCCESS,SFC_COMPLETE,MESYS,10/17/2019 08:34:55,10/17/2019 08:34:55,4
1297,L1_SA_SU,7,SU01,2019101700-00017,1,70,10/17/2019 10:35:17,10/17/2019 10:35:25,,,970,970,SUCCESS,SFC_COMPLETE,MESYS,10/17/2019 08:35:27,10/17/2019 08:35:27,4
1297,L1_SA_SU,8,SU01,2019101700-00017,1,80,10/17/2019 10:36:27,10/17/2019 10:36:37,,,970,970,SUCCESS,SFC_COMPLETE,MESYS,10/17/2019 08:36:50,10/17/2019 08:36:50,4
1297,L1_SA_SU,1,SU01,2019101700-00018,1,10,10/17/2019 10:32:05,10/17/2019 10:32:09,1,E02B0040002A3D1F,0,0,SUCCESS,SFC_COMPLETE,MESYS,10/17/2019 08:32:34,10/17/2019 08:32:34,4
1297,L1_SA_SU,2,SU01,2019101700-00018,1,20,10/17/2019 10:32:38,10/17/2019 10:32:52,,,0,204,SUCCESS,SFC_COMPLETE,MESYS,10/17/2019 08:32:57,10/17/2019 08:32:57,4
1297,L1_SA_SU,3,SU01,2019101700-00018,1,30,10/17/2019 10:32:59,10/17/2019 10:33:13,,,204,662,SUCCESS,SFC_COMPLETE,MESYS,10/17/2019 08:33:25,10/17/2019 08:33:25,4
1297,L1_SA_SU,4,SU01,2019101700-00018,1,40,10/17/2019 10:33:31,10/17/2019 10:33:48,,,662,662,SUCCESS,SFC_COMPLETE,MESYS,10/17/2019 08:34:02,10/17/2019 08:34:02,4
1297,L1_SA_SU,5,SU01,2019101700-00018,1,50,10/17/2019 10:34:40,10/17/2019 10:34:56,,,662,968,SUCCESS,SFC_COMPLETE,MESYS,10/17/2019 08:35:04,10/17/2019 08:35:04,4
1297,L1_SA_SU,6,SU01,2019101700-00018,1,60,10/17/2019 10:35:15,10/17/2019 10:35:27,,,968,968,SUCCESS,SFC_COMPLETE,MESYS,10/17/2019 08:35:40,10/17/2019 08:35:40,4
1297,L1_SA_SU,7,SU01,2019101700-00018,1,70,10/17/2019 10:36:05,10/17/2019 10:36:14,,,968,968,SUCCESS,SFC_COMPLETE,MESYS,10/17/2019 08:36:16,10/17/2019 08:36:16,4
1297,L1_SA_SU,8,SU01,2019101700-00018,1,80,10/17/2019 10:37:48,10/17/2019 10:37:59,,,968,968,SUCCESS,SFC_COMPLETE,MESYS,10/17/2019 08:39:18,10/17/2019 08:39:18,4
1297,L1_SA_SU,1,SU01,2019101700-00019,1,10,10/17/2019 10:33:45,10/17/2019 10:33:49,1,E02B0040002A3CD8,0,0,SUCCESS,SFC_COMPLETE,MESYS,10/17/2019 08:33:58,10/17/2019 08:33:58,4
1297,L1_SA_SU,2,SU01,2019101700-00019,1,20,10/17/2019 10:34:05,10/17/2019 10:34:24,,,0,204,SUCCESS,SFC_COMPLETE,MESYS,10/17/2019 08:34:29,10/17/2019 08:34:29,4
1297,L1_SA_SU,3,SU01,2019101700-00019,1,30,10/17/2019 10:34:32,10/17/2019 10:34:50,,,204,660,SUCCESS,SFC_COMPLETE,MESYS,10/17/2019 08:34:57,10/17/2019 08:34:57,4
1297,L1_SA_SU,4,SU01,2019101700-00019,1,40,10/17/2019 10:35:02,10/17/2019 10:35:19,,,660,660,SUCCESS,SFC_COMPLETE,MESYS,10/17/2019 08:35:32,10/17/2019 08:35:32,4
1297,L1_SA_SU,5,SU01,2019101700-00019,1,50,10/17/2019 10:35:36,10/17/2019 10:35:56,,,660,965,SUCCESS,SFC_COMPLETE,MESYS,10/17/2019 08:36:43,10/17/2019 08:36:43,4
1297,L1_SA_SU,6,SU01,2019101700-00019,1,60,10/17/2019 10:36:53,10/17/2019 10:37:04,,,965,965,SUCCESS,SFC_COMPLETE,MESYS,10/17/2019 08:37:07,10/17/2019 08:37:07,4
1297,L1_SA_SU,7,SU01,2019101700-00019,1,70,10/17/2019 10:37:28,10/17/2019 10:37:37,,,965,965,SUCCESS,SFC_COMPLETE,MESYS,10/17/2019 08:37:39,10/17/2019 08:37:39,4
1297,L1_SA_SU,8,SU01,2019101700-00019,1,80,10/17/2019 10:41:57,10/17/2019 10:42:08,,,965,965,SUCCESS,SFC_COMPLETE,MESYS,10/17/2019 08:42:12,10/17/2019 08:42:12,4
1297,L1_SA_SU,1,SU01,2019101700-00020,1,10,10/17/2019 10:34:24,10/17/2019 10:34:28,1,E02B0040002A3AEE,0,0,SUCCESS,SFC_COMPLETE,MESYS,10/17/2019 08:34:36,10/17/2019 08:34:36,4
1297,L1_SA_SU,2,SU01,2019101700-00020,1,20,10/17/2019 10:34:45,10/17/2019 10:35:03,,,0,202,SUCCESS,SFC_COMPLETE,MESYS,10/17/2019 08:35:08,10/17/2019 08:35:08,4
1297,L1_SA_SU,3,SU01,2019101700-00020,1,30,10/17/2019 10:35:12,10/17/2019 10:35:30,,,202,661,SUCCESS,SFC_COMPLETE,MESYS,10/17/2019 08:35:41,10/17/2019 08:35:41,4
1297,L1_SA_SU,4,SU01,2019101700-00020,1,40,10/17/2019 10:35:48,10/17/2019 10:36:05,,,661,661,SUCCESS,SFC_COMPLETE,MESYS,10/17/2019 08:36:51,10/17/2019 08:36:51,4
1297,L1_SA_SU,5,SU01,2019101700-00020,1,50,10/17/2019 10:36:56,10/17/2019 10:37:15,,,661,965,SUCCESS,SFC_COMPLETE,MESYS,10/17/2019 08:37:52,10/17/2019 08:37:52,4
1297,L1_SA_SU,6,SU01,2019101700-00020,1,60,10/17/2019 10:38:02,10/17/2019 10:38:13,,,965,965,SUCCESS,SFC_COMPLETE,MESYS,10/17/2019 08:40:57,10/17/2019 08:40:57,4
1297,L1_SA_SU,7,SU01,2019101700-00020,1,70,10/17/2019 10:41:19,10/17/2019 10:41:28,,,965,965,SUCCESS,SFC_COMPLETE,MESYS,10/17/2019 08:41:30,10/17/2019 08:41:30,4
1297,L1_SA_SU,8,SU01,2019101700-00020,1,80,10/17/2019 10:43:34,10/17/2019 10:43:44,,,965,965,SUCCESS,SFC_COMPLETE,MESYS,10/17/2019 08:44:07,10/17/2019 08:44:07,4
1297,L1_SA_SU,1,SU01,2019101700-00021,1,10,10/17/2019 10:35:09,10/17/2019 10:35:13,1,E02B0040002A39D2,0,0,SUCCESS,SFC_COMPLETE,MESYS,10/17/2019 08:35:17,10/17/2019 08:35:17,4
1297,L1_SA_SU,2,SU01,2019101700-00021,1,20,10/17/2019 10:35:24,10/17/2019 10:35:38,,,0,203,SUCCESS,SFC_COMPLETE,MESYS,10/17/2019 08:36:29,10/17/2019 08:36:29,4
1297,L1_SA_SU,3,SU01,2019101700-00021,1,30,10/17/2019 10:36:31,10/17/2019 10:36:47,,,203,661,SUCCESS,SFC_COMPLETE,MESYS,10/17/2019 08:37:00,10/17/2019 08:37:00,4
1297,L1_SA_SU,4,SU01,2019101700-00021,2,40,10/17/2019 10:37:05,10/17/2019 10:37:10,,,661,661,SUCCESS,SFC_SCRAP,MESYS,10/17/2019 08:37:11,10/17/2019 08:37:11,4
1297,L1_SA_SU,1,SU01,2019101700-00022,1,10,10/17/2019 10:35:38,10/17/2019 10:35:42,1,E02B0040002A397A,0,0,SUCCESS,SFC_COMPLETE,MESYS,10/17/2019 08:35:47,10/17/2019 08:35:47,4
1297,L1_SA_SU,2,SU01,2019101700-00022,1,20,10/17/2019 10:36:29,10/17/2019 10:36:44,,,0,203,SUCCESS,SFC_COMPLETE,MESYS,10/17/2019 08:36:56,10/17/2019 08:36:56,4
1297,L1_SA_SU,3,SU01,2019101700-00022,1,30,10/17/2019 10:37:15,10/17/2019 10:38:02,,,203,661,SUCCESS,SFC_COMPLETE,MESYS,10/17/2019 08:41:01,10/17/2019 08:41:01,4
1297,L1_SA_SU,4,SU01,2019101700-00022,1,40,10/17/2019 10:41:07,10/17/2019 10:41:24,,,661,661,SUCCESS,SFC_COMPLETE,MESYS,10/17/2019 08:41:30,10/17/2019 08:41:30,4
1297,L1_SA_SU,5,SU01,2019101700-00022,1,50,10/17/2019 10:41:34,10/17/2019 10:41:53,,,661,966,SUCCESS,SFC_COMPLETE,MESYS,10/17/2019 08:42:25,10/17/2019 08:42:25,4
1297,L1_SA_SU,6,SU01,2019101700-00022,1,60,10/17/2019 10:42:35,10/17/2019 10:42:46,,,966,966,SUCCESS,SFC_COMPLETE,MESYS,10/17/2019 08:42:51,10/17/2019 08:42:51,4
1297,L1_SA_SU,7,SU01,2019101700-00022,1,70,10/17/2019 10:43:12,10/17/2019 10:43:21,,,966,966,SUCCESS,SFC_COMPLETE,MESYS,10/17/2019 08:43:23,10/17/2019 08:43:23,4
1297,L1_SA_SU,8,SU01,2019101700-00022,1,80,10/17/2019 10:44:31,10/17/2019 10:44:42,,,966,966,SUCCESS,SFC_COMPLETE,MESYS,10/17/2019 08:45:02,10/17/2019 08:45:02,4
1297,L1_SA_SU,1,SU01,2019101700-00023,1,10,10/17/2019 10:36:10,10/17/2019 10:36:14,1,E02B0040002A391A,0,0,SUCCESS,SFC_COMPLETE,MESYS,10/17/2019 08:36:19,10/17/2019 08:36:19,4
1297,L1_SA_SU,2,SU01,2019101700-00023,1,20,10/17/2019 10:37:06,10/17/2019 10:37:21,,,0,204,SUCCESS,SFC_COMPLETE,MESYS,10/17/2019 08:41:08,10/17/2019 08:41:08,4
1297,L1_SA_SU,3,SU01,2019101700-00023,1,30,10/17/2019 10:41:12,10/17/2019 10:41:28,,,204,660,SUCCESS,SFC_COMPLETE,MESYS,10/17/2019 08:41:40,10/17/2019 08:41:40,4
1297,L1_SA_SU,4,SU01,2019101700-00023,1,40,10/17/2019 10:41:45,10/17/2019 10:42:02,,,660,660,SUCCESS,SFC_COMPLETE,MESYS,10/17/2019 08:42:40,10/17/2019 08:42:40,4
1297,L1_SA_SU,5,SU01,2019101700-00023,1,50,10/17/2019 10:42:43,10/17/2019 10:42:59,,,660,965,SUCCESS,SFC_COMPLETE,MESYS,10/17/2019 08:43:10,10/17/2019 08:43:10,4
1297,L1_SA_SU,6,SU01,2019101700-00023,1,60,10/17/2019 10:43:21,10/17/2019 10:43:32,,,965,965,SUCCESS,SFC_COMPLETE,MESYS,10/17/2019 08:43:38,10/17/2019 08:43:38,4
1297,L1_SA_SU,7,SU01,2019101700-00023,1,70,10/17/2019 10:44:06,10/17/2019 10:44:15,,,965,965,SUCCESS,SFC_COMPLETE,MESYS,10/17/2019 08:44:16,10/17/2019 08:44:16,4
1297,L1_SA_SU,8,SU01,2019101700-00023,1,80,10/17/2019 10:45:40,10/17/2019 10:45:51,,,965,965,SUCCESS,SFC_COMPLETE,MESYS,10/17/2019 08:46:03,10/17/2019 08:46:03,4
1297,L1_SA_SU,1,SU01,2019101700-00024,1,10,10/17/2019 10:42:00,10/17/2019 10:42:04,1,E02B0040002A35CB,0,0,SUCCESS,SFC_COMPLETE,MESYS,10/17/2019 08:42:09,10/17/2019 08:42:09,4
1297,L1_SA_SU,2,SU01,2019101700-00024,1,20,10/17/2019 10:42:13,10/17/2019 10:42:27,,,0,204,SUCCESS,SFC_COMPLETE,MESYS,10/17/2019 08:42:33,10/17/2019 08:42:33,4
1297,L1_SA_SU,3,SU01,2019101700-00024,1,30,10/17/2019 10:42:35,10/17/2019 10:42:52,,,204,658,SUCCESS,SFC_COMPLETE,MESYS,10/17/2019 08:43:00,10/17/2019 08:43:00,4
1297,L1_SA_SU,4,SU01,2019101700-00024,1,40,10/17/2019 10:43:04,10/17/2019 10:43:21,,,658,658,SUCCESS,SFC_COMPLETE,MESYS,10/17/2019 08:43:28,10/17/2019 08:43:28,4
1297,L1_SA_SU,5,SU01,2019101700-00024,1,50,10/17/2019 10:43:52,10/17/2019 10:44:15,,,658,962,SUCCESS,SFC_COMPLETE,MESYS,10/17/2019 08:44:26,10/17/2019 08:44:26,4
1297,L1_SA_SU,6,SU01,2019101700-00024,1,60,10/17/2019 10:44:38,10/17/2019 10:44:49,,,962,962,SUCCESS,SFC_COMPLETE,MESYS,10/17/2019 08:44:54,10/17/2019 08:44:54,4
1297,L1_SA_SU,7,SU01,2019101700-00024,1,70,10/17/2019 10:45:16,10/17/2019 10:45:25,,,962,962,SUCCESS,SFC_COMPLETE,MESYS,10/17/2019 08:45:27,10/17/2019 08:45:27,4
1297,L1_SA_SU,8,SU01,2019101700-00024,1,80,10/17/2019 10:46:26,10/17/2019 10:46:37,,,962,962,SUCCESS,SFC_COMPLETE,MESYS,10/17/2019 08:46:44,10/17/2019 08:46:44,4
1297,L1_SA_SU,1,SU01,2019101700-00025,1,10,10/17/2019 10:42:24,10/17/2019 10:42:28,1,E02B0040002A3563,0,0,SUCCESS,SFC_COMPLETE,MESYS,10/17/2019 08:42:33,10/17/2019 08:42:33,4
1297,L1_SA_SU,2,SU01,2019101700-00025,1,20,10/17/2019 10:42:38,10/17/2019 10:42:56,,,0,204,SUCCESS,SFC_COMPLETE,MESYS,10/17/2019 08:43:06,10/17/2019 08:43:06,4
1297,L1_SA_SU,3,SU01,2019101700-00025,1,30,10/17/2019 10:43:10,10/17/2019 10:43:25,,,204,661,SUCCESS,SFC_COMPLETE,MESYS,10/17/2019 08:43:35,10/17/2019 08:43:35,4
1297,L1_SA_SU,4,SU01,2019101700-00025,1,40,10/17/2019 10:43:42,10/17/2019 10:43:59,,,661,661,SUCCESS,SFC_COMPLETE,MESYS,10/17/2019 08:44:29,10/17/2019 08:44:29,4
1297,L1_SA_SU,5,SU01,2019101700-00025,1,50,10/17/2019 10:44:33,10/17/2019 10:44:52,,,661,965,SUCCESS,SFC_COMPLETE,MESYS,10/17/2019 08:45:17,10/17/2019 08:45:17,4
1297,L1_SA_SU,6,SU01,2019101700-00025,1,60,10/17/2019 10:45:28,10/17/2019 10:45:40,,,965,965,SUCCESS,SFC_COMPLETE,MESYS,10/17/2019 08:45:44,10/17/2019 08:45:44,4
1297,L1_SA_SU,7,SU01,2019101700-00025,1,70,10/17/2019 10:46:05,10/17/2019 10:46:14,,,965,965,SUCCESS,SFC_COMPLETE,MESYS,10/17/2019 08:46:16,10/17/2019 08:46:16,4
1297,L1_SA_SU,8,SU01,2019101700-00025,1,80,10/17/2019 10:47:30,10/17/2019 10:47:40,,,965,965,SUCCESS,SFC_COMPLETE,MESYS,10/17/2019 08:47:53,10/17/2019 08:47:53,4
1297,L1_SA_SU,1,SU01,2019101700-00026,1,10,10/17/2019 10:42:52,10/17/2019 10:42:56,1,E02B0040002A350B,0,0,SUCCESS,SFC_COMPLETE,MESYS,10/17/2019 08:43:01,10/17/2019 08:43:01,4
1297,L1_SA_SU,2,SU01,2019101700-00026,1,20,10/17/2019 10:43:21,10/17/2019 10:43:36,,,0,203,SUCCESS,SFC_COMPLETE,MESYS,10/17/2019 08:44:09,10/17/2019 08:44:09,4
1297,L1_SA_SU,3,SU01,2019101700-00026,1,30,10/17/2019 10:44:22,10/17/2019 10:44:44,,,203,660,SUCCESS,SFC_COMPLETE,MESYS,10/17/2019 08:44:53,10/17/2019 08:44:53,4
1297,L1_SA_SU,4,SU01,2019101700-00026,1,40,10/17/2019 10:44:58,10/17/2019 10:45:15,,,660,660,SUCCESS,SFC_COMPLETE,MESYS,10/17/2019 08:45:20,10/17/2019 08:45:20,4
1297,L1_SA_SU,5,SU01,2019101700-00026,1,50,10/17/2019 10:45:25,10/17/2019 10:45:43,,,660,966,SUCCESS,SFC_COMPLETE,MESYS,10/17/2019 08:45:52,10/17/2019 08:45:52,4
1297,L1_SA_SU,6,SU01,2019101700-00026,1,60,10/17/2019 10:46:01,10/17/2019 10:46:12,,,966,966,SUCCESS,SFC_COMPLETE,MESYS,10/17/2019 08:46:17,10/17/2019 08:46:17,4
1297,L1_SA_SU,7,SU01,2019101700-00026,1,70,10/17/2019 10:47:16,10/17/2019 10:47:24,,,966,966,SUCCESS,SFC_COMPLETE,MESYS,10/17/2019 08:47:27,10/17/2019 08:47:27,4
1297,L1_SA_SU,8,SU01,2019101700-00026,1,80,10/17/2019 10:48:20,10/17/2019 10:48:30,,,966,966,SUCCESS,SFC_COMPLETE,MESYS,10/17/2019 08:48:43,10/17/2019 08:48:43,4
1297,L1_SA_SU,1,SU01,2019101700-00027,1,10,10/17/2019 10:43:33,10/17/2019 10:43:37,1,E02B0040002A3449,0,0,SUCCESS,SFC_COMPLETE,MESYS,10/17/2019 08:43:42,10/17/2019 08:43:42,4
1297,L1_SA_SU,2,SU01,2019101700-00027,1,20,10/17/2019 10:44:10,10/17/2019 10:44:25,,,0,203,SUCCESS,SFC_COMPLETE,MESYS,10/17/2019 08:44:53,10/17/2019 08:44:53,4
1297,L1_SA_SU,3,SU01,2019101700-00027,1,30,10/17/2019 10:45:04,10/17/2019 10:45:18,,,203,661,SUCCESS,SFC_COMPLETE,MESYS,10/17/2019 08:45:31,10/17/2019 08:45:31,4
1297,L1_SA_SU,4,SU01,2019101700-00027,1,40,10/17/2019 10:45:35,10/17/2019 10:45:52,,,661,661,SUCCESS,SFC_COMPLETE,MESYS,10/17/2019 08:46:01,10/17/2019 08:46:01,4
1297,L1_SA_SU,5,SU01,2019101700-00027,1,50,10/17/2019 10:46:05,10/17/2019 10:46:29,,,661,966,SUCCESS,SFC_COMPLETE,MESYS,10/17/2019 08:47:07,10/17/2019 08:47:07,4
1297,L1_SA_SU,6,SU01,2019101700-00027,1,60,10/17/2019 10:47:18,10/17/2019 10:47:30,,,966,966,SUCCESS,SFC_COMPLETE,MESYS,10/17/2019 08:47:35,10/17/2019 08:47:35,4
1297,L1_SA_SU,7,SU01,2019101700-00027,1,70,10/17/2019 10:47:54,10/17/2019 10:48:03,,,966,966,SUCCESS,SFC_COMPLETE,MESYS,10/17/2019 08:48:05,10/17/2019 08:48:05,4
1297,L1_SA_SU,8,SU01,2019101700-00027,1,80,10/17/2019 10:49:04,10/17/2019 10:49:14,,,966,966,SUCCESS,SFC_COMPLETE,MESYS,10/17/2019 08:49:24,10/17/2019 08:49:24,4
1297,L1_SA_SU,1,SU01,2019101700-00028,1,10,10/17/2019 10:43:58,10/17/2019 10:44:02,1,E02B0040002A33DF,0,0,SUCCESS,SFC_COMPLETE,MESYS,10/17/2019 08:44:42,10/17/2019 08:44:42,4
1297,L1_SA_SU,2,SU01,2019101700-00028,1,20,10/17/2019 10:45:06,10/17/2019 10:45:20,,,0,203,SUCCESS,SFC_COMPLETE,MESYS,10/17/2019 08:45:44,10/17/2019 08:45:44,4
1297,L1_SA_SU,3,SU01,2019101700-00028,1,30,10/17/2019 10:45:47,10/17/2019 10:46:00,,,203,660,SUCCESS,SFC_COMPLETE,MESYS,10/17/2019 08:46:09,10/17/2019 08:46:09,4
1297,L1_SA_SU,4,SU01,2019101700-00028,1,40,10/17/2019 10:46:13,10/17/2019 10:46:30,,,660,660,SUCCESS,SFC_COMPLETE,MESYS,10/17/2019 08:46:46,10/17/2019 08:46:46,4
1297,L1_SA_SU,5,SU01,2019101700-00028,1,50,10/17/2019 10:47:26,10/17/2019 10:47:41,,,660,964,SUCCESS,SFC_COMPLETE,MESYS,10/17/2019 08:47:53,10/17/2019 08:47:53,4
1297,L1_SA_SU,6,SU01,2019101700-00028,1,60,10/17/2019 10:48:06,10/17/2019 10:48:17,,,964,964,SUCCESS,SFC_COMPLETE,MESYS,10/17/2019 08:48:25,10/17/2019 08:48:25,4
1297,L1_SA_SU,7,SU01,2019101700-00028,1,70,10/17/2019 10:48:44,10/17/2019 10:48:53,,,964,964,SUCCESS,SFC_COMPLETE,MESYS,10/17/2019 08:48:55,10/17/2019 08:48:55,4
1297,L1_SA_SU,8,SU01,2019101700-00028,1,80,10/17/2019 10:49:43,10/17/2019 10:49:53,,,964,964,SUCCESS,SFC_COMPLETE,MESYS,10/17/2019 08:49:59,10/17/2019 08:49:59,4
1297,L1_SA_SU,1,SU01,2019101700-00029,1,10,10/17/2019 10:44:58,10/17/2019 10:45:02,1,E02B0040002A3387,0,0,SUCCESS,SFC_COMPLETE,MESYS,10/17/2019 08:45:38,10/17/2019 08:45:38,4
1297,L1_SA_SU,2,SU01,2019101700-00029,1,20,10/17/2019 10:45:47,10/17/2019 10:46:08,,,0,203,SUCCESS,SFC_COMPLETE,MESYS,10/17/2019 08:46:15,10/17/2019 08:46:15,4
1297,L1_SA_SU,3,SU01,2019101700-00029,1,30,10/17/2019 10:46:17,10/17/2019 10:46:41,,,203,658,SUCCESS,SFC_COMPLETE,MESYS,10/17/2019 08:46:53,10/17/2019 08:46:53,4
1297,L1_SA_SU,4,SU01,2019101700-00029,1,40,10/17/2019 10:47:00,10/17/2019 10:47:17,,,658,658,SUCCESS,SFC_COMPLETE,MESYS,10/17/2019 08:47:56,10/17/2019 08:47:56,4
1297,L1_SA_SU,5,SU01,2019101700-00029,1,50,10/17/2019 10:48:00,10/17/2019 10:48:20,,,658,963,SUCCESS,SFC_COMPLETE,MESYS,10/17/2019 08:48:28,10/17/2019 08:48:28,4
1297,L1_SA_SU,6,SU01,2019101700-00029,1,60,10/17/2019 10:48:38,10/17/2019 10:48:49,,,963,963,SUCCESS,SFC_COMPLETE,MESYS,10/17/2019 08:48:58,10/17/2019 08:48:58,4
1297,L1_SA_SU,7,SU01,2019101700-00029,1,70,10/17/2019 10:49:17,10/17/2019 10:49:26,,,963,963,SUCCESS,SFC_COMPLETE,MESYS,10/17/2019 08:49:27,10/17/2019 08:49:27,4
1297,L1_SA_SU,8,SU01,2019101700-00029,1,80,10/17/2019 10:50:19,10/17/2019 10:50:29,,,963,963,SUCCESS,SFC_COMPLETE,MESYS,10/17/2019 08:50:51,10/17/2019 08:50:51,4
1297,L1_SA_SU,1,SU01,2019101700-00030,1,10,10/17/2019 10:46:08,10/17/2019 10:46:12,1,E02B0040002A3199,0,0,SUCCESS,SFC_COMPLETE,MESYS,10/17/2019 08:46:16,10/17/2019 08:46:16,4
1297,L1_SA_SU,2,SU01,2019101700-00030,1,20,10/17/2019 10:46:21,10/17/2019 10:46:35,,,0,203,SUCCESS,SFC_COMPLETE,MESYS,10/17/2019 08:46:58,10/17/2019 08:46:58,4
1297,L1_SA_SU,3,SU01,2019101700-00030,1,30,10/17/2019 10:47:04,10/17/2019 10:47:20,,,203,658,SUCCESS,SFC_COMPLETE,MESYS,10/17/2019 08:47:30,10/17/2019 08:47:30,4
1297,L1_SA_SU,4,SU01,2019101700-00030,1,40,10/17/2019 10:48:12,10/17/2019 10:48:29,,,658,658,SUCCESS,SFC_COMPLETE,MESYS,10/17/2019 08:48:36,10/17/2019 08:48:36,4
1297,L1_SA_SU,5,SU01,2019101700-00030,1,50,10/17/2019 10:48:38,10/17/2019 10:48:57,,,658,962,SUCCESS,SFC_COMPLETE,MESYS,10/17/2019 08:49:07,10/17/2019 08:49:07,4
1297,L1_SA_SU,6,SU01,2019101700-00030,1,60,10/17/2019 10:49:16,10/17/2019 10:49:27,,,962,962,SUCCESS,SFC_COMPLETE,MESYS,10/17/2019 08:49:44,10/17/2019 08:49:44,4
1297,L1_SA_SU,7,SU01,2019101700-00030,1,70,10/17/2019 10:50:00,10/17/2019 10:50:09,,,962,962,SUCCESS,SFC_COMPLETE,MESYS,10/17/2019 08:50:11,10/17/2019 08:50:11,4
1297,L1_SA_SU,8,SU01,2019101700-00030,1,80,10/17/2019 11:00:04,10/17/2019 11:00:15,,,962,962,SUCCESS,SFC_COMPLETE,MESYS,10/17/2019 09:00:33,10/17/2019 09:00:33,4
1297,L1_SA_SU,1,SU01,2019101700-00031,1,10,10/17/2019 10:46:48,10/17/2019 10:46:52,1,E02B0040002A3141,0,0,SUCCESS,SFC_COMPLETE,MESYS,10/17/2019 08:47:14,10/17/2019 08:47:14,4
1297,L1_SA_SU,2,SU01,2019101700-00031,1,20,10/17/2019 10:47:18,10/17/2019 10:47:33,,,0,204,SUCCESS,SFC_COMPLETE,MESYS,10/17/2019 08:47:38,10/17/2019 08:47:38,4
1297,L1_SA_SU,3,SU01,2019101700-00031,1,30,10/17/2019 10:48:15,10/17/2019 10:48:30,,,204,659,SUCCESS,SFC_COMPLETE,MESYS,10/17/2019 08:48:42,10/17/2019 08:48:42,4
1297,L1_SA_SU,4,SU01,2019101700-00031,1,40,10/17/2019 10:48:47,10/17/2019 10:49:04,,,659,659,SUCCESS,SFC_COMPLETE,MESYS,10/17/2019 08:49:09,10/17/2019 08:49:09,4
1297,L1_SA_SU,5,SU01,2019101700-00031,1,50,10/17/2019 10:49:11,10/17/2019 10:49:27,,,659,963,SUCCESS,SFC_COMPLETE,MESYS,10/17/2019 08:50:21,10/17/2019 08:50:21,4
1297,L1_SA_SU,6,SU01,2019101700-00031,2,63,10/17/2019 10:50:28,10/17/2019 10:50:31,,,963,963,SUCCESS,SFC_SCRAP,MESYS,10/17/2019 08:50:33,10/17/2019 08:50:33,4
1297,L1_SA_SU,1,SU01,2019101700-00032,1,10,10/17/2019 10:47:30,10/17/2019 10:47:34,1,E02B0040002A30D7,0,0,SUCCESS,SFC_COMPLETE,MESYS,10/17/2019 08:47:39,10/17/2019 08:47:39,4
1297,L1_SA_SU,2,SU01,2019101700-00032,1,20,10/17/2019 10:47:44,10/17/2019 10:47:58,,,0,203,SUCCESS,SFC_COMPLETE,MESYS,10/17/2019 08:49:41,10/17/2019 08:49:41,4
1297,L1_SA_SU,1,SU01,2019101700-00033,1,10,10/17/2019 10:48:18,10/17/2019 10:48:22,1,E02B0040002A307F,0,0,SUCCESS,SFC_COMPLETE,MESYS,10/17/2019 08:48:52,10/17/2019 08:48:52,4
1297,L1_SA_SU,2,SU01,2019101700-00033,1,20,10/17/2019 10:48:56,10/17/2019 10:49:23,,,0,205,SUCCESS,SFC_COMPLETE,MESYS,10/17/2019 08:49:57,10/17/2019 08:49:57,4
1297,L1_SA_SU,1,SU01,2019101700-00034,1,10,10/17/2019 10:49:50,10/17/2019 10:49:54,1,E02B0040002A2D11,0,0,SUCCESS,SFC_COMPLETE,MESYS,10/17/2019 08:49:57,10/17/2019 08:49:57,4
1297,L1_SA_SU,2,SU01,2019101700-00034,1,20,10/17/2019 10:50:07,10/17/2019 10:50:20,,,0,205,SUCCESS,SFC_COMPLETE,MESYS,10/17/2019 08:59:09,10/17/2019 08:59:09,4
1297,L1_SA_SU,1,SU01,2019101700-00035,1,10,10/17/2019 10:50:28,10/17/2019 10:50:32,1,E02B0040002A2CB9,0,0,SUCCESS,SFC_COMPLETE,MESYS,10/17/2019 08:59:44,10/17/2019 08:59:44,4
1297,L1_SA_SU,2,SU01,2019101700-00035,1,20,10/17/2019 10:59:47,10/17/2019 11:00:03,,,0,204,SUCCESS,SFC_COMPLETE,MESYS,10/17/2019 09:00:14,10/17/2019 09:00:14,4
1297,L1_SA_SU,1,SU01,2019101700-00036,1,10,10/17/2019 11:00:31,10/17/2019 11:00:35,1,E02B0040002A2B96,0,0,SUCCESS,SFC_COMPLETE,MESYS,10/17/2019 09:00:38,10/17/2019 09:00:38,4
1297,L1_SA_SU,2,SU01,2019101700-00036,1,20,10/17/2019 11:00:59,10/17/2019 11:01:12,,,0,204,SUCCESS,SFC_COMPLETE,MESYS,10/17/2019 09:01:22,10/17/2019 09:01:22,4
1297,L1_SA_SU,1,SU01,2019101700-00037,1,10,10/17/2019 11:01:14,10/17/2019 11:01:18,1,E02B0040002A2B3E,0,0,SUCCESS,SFC_COMPLETE,MESYS,10/17/2019 09:01:24,10/17/2019 09:01:24,4
1297,L1_SA_SU,2,SU01,2019101700-00037,1,20,10/17/2019 11:01:36,10/17/2019 11:01:52,,,0,203,SUCCESS,SFC_COMPLETE,MESYS,10/17/2019 09:01:57,10/17/2019 09:01:57,4
1297,L1_SA_SU,1,SU01,2019101700-00038,1,10,10/17/2019 11:02:23,10/17/2019 11:02:27,1,E02B0040002A2ADC,0,0,SUCCESS,SFC_COMPLETE,MESYS,10/17/2019 09:02:31,10/17/2019 09:02:31,4
1297,L1_SA_SU,2,SU01,2019101700-00038,1,20,10/17/2019 11:02:35,10/17/2019 11:02:49,,,0,203,SUCCESS,SFC_COMPLETE,MESYS,10/17/2019 09:02:53,10/17/2019 09:02:53,4
1297,L1_SA_SU,1,SU01,2019101700-00039,1,10,10/17/2019 11:03:04,10/17/2019 11:03:08,1,E02B0040002A2A84,0,0,SUCCESS,SFC_COMPLETE,MESYS,10/17/2019 09:03:10,10/17/2019 09:03:10,4
1297,L1_SA_SU,2,SU01,2019101700-00039,1,20,10/17/2019 11:03:22,10/17/2019 11:03:36,,,0,204,SUCCESS,SFC_COMPLETE,MESYS,10/17/2019 09:03:41,10/17/2019 09:03:41,4
1297,L1_SA_SU,1,SU01,2019101700-00040,1,10,10/17/2019 11:04:30,10/17/2019 11:04:34,1,E02B004000000005,0,0,SUCCESS,SFC_COMPLETE,MESYS,10/17/2019 09:04:40,10/17/2019 09:04:40,4
1297,L1_SA_SU,2,SU01,2019101700-00040,1,20,10/17/2019 11:04:43,10/17/2019 11:04:57,,,0,203,SUCCESS,SFC_COMPLETE,MESYS,10/17/2019 09:05:10,10/17/2019 09:05:10,4
1297,L1_SA_SU,1,SU01,2019101700-00041,1,10,10/17/2019 11:10:43,10/17/2019 11:10:47,1,E02B0040002A26DB,0,0,SUCCESS,SFC_COMPLETE,MESYS,10/17/2019 09:10:52,10/17/2019 09:10:52,4
1297,L1_SA_SU,2,SU01,2019101700-00041,1,20,10/17/2019 11:10:55,10/17/2019 11:11:11,,,0,203,SUCCESS,SFC_COMPLETE,MESYS,10/17/2019 09:11:15,10/17/2019 09:11:15,4
1297,L1_SA_SU,1,SU01,2019101700-00043,1,10,10/17/2019 11:22:20,10/17/2019 11:22:24,1,E02B0040002A2643,0,0,SUCCESS,SFC_COMPLETE,MESYS,10/17/2019 09:22:28,10/17/2019 09:22:28,4
1297,L1_SA_SU,2,SU01,2019101700-00043,1,20,10/17/2019 11:22:33,10/17/2019 11:22:48,,,0,204,SUCCESS,SFC_COMPLETE,MESYS,10/17/2019 09:22:52,10/17/2019 09:22:52,4
1297,L1_SA_SU,3,SU01,2019101700-00043,1,30,10/17/2019 11:22:57,10/17/2019 11:23:11,,,204,661,SUCCESS,SFC_COMPLETE,MESYS,10/17/2019 09:23:28,10/17/2019 09:23:28,4
1297,L1_SA_SU,4,SU01,2019101700-00043,1,40,10/17/2019 11:23:41,10/17/2019 11:23:58,,,661,661,SUCCESS,SFC_COMPLETE,MESYS,10/17/2019 09:24:03,10/17/2019 09:24:03,4
1297,L1_SA_SU,5,SU01,2019101700-00043,1,50,10/17/2019 11:24:07,10/17/2019 11:24:23,,,661,966,SUCCESS,SFC_COMPLETE,MESYS,10/17/2019 09:24:29,10/17/2019 09:24:29,4
1297,L1_SA_SU,6,SU01,2019101700-00043,1,60,10/17/2019 11:24:45,10/17/2019 11:24:56,,,966,966,SUCCESS,SFC_COMPLETE,MESYS,10/17/2019 09:25:02,10/17/2019 09:25:02,4
1297,L1_SA_SU,7,SU01,2019101700-00043,1,70,10/17/2019 11:25:39,10/17/2019 11:25:48,,,966,966,SUCCESS,SFC_COMPLETE,MESYS,10/17/2019 09:25:50,10/17/2019 09:25:50,4
1297,L1_SA_SU,8,SU01,2019101700-00043,2,83,10/17/2019 11:26:14,10/17/2019 11:26:23,,,966,966,SUCCESS,SFC_SCRAP,MESYS,10/17/2019 09:26:25,10/17/2019 09:26:25,4
1297,L1_SA_SU,1,SU01,2019101700-00044,1,10,10/17/2019 11:36:55,10/17/2019 11:36:59,1,E02B0040002A2528,0,0,SUCCESS,SFC_COMPLETE,MESYS,10/17/2019 09:37:03,10/17/2019 09:37:03,4
1297,L1_SA_SU,2,SU01,2019101700-00044,1,20,10/17/2019 11:37:08,10/17/2019 11:37:22,,,0,203,SUCCESS,SFC_COMPLETE,MESYS,10/17/2019 09:37:25,10/17/2019 09:37:25,4
1297,L1_SA_SU,3,SU01,2019101700-00044,1,30,10/17/2019 11:37:28,10/17/2019 11:37:43,,,203,659,SUCCESS,SFC_COMPLETE,MESYS,10/17/2019 09:37:47,10/17/2019 09:37:47,4
1297,L1_SA_SU,4,SU01,2019101700-00044,1,40,10/17/2019 11:37:50,10/17/2019 11:38:07,,,659,659,SUCCESS,SFC_COMPLETE,MESYS,10/17/2019 09:38:13,10/17/2019 09:38:13,4
1297,L1_SA_SU,5,SU01,2019101700-00044,1,50,10/17/2019 11:38:19,10/17/2019 11:38:40,,,659,965,SUCCESS,SFC_COMPLETE,MESYS,10/17/2019 09:38:44,10/17/2019 09:38:44,4
1297,L1_SA_SU,6,SU01,2019101700-00044,1,60,10/17/2019 11:38:54,10/17/2019 11:39:05,,,965,965,SUCCESS,SFC_COMPLETE,MESYS,10/17/2019 09:39:09,10/17/2019 09:39:09,4
1297,L1_SA_SU,7,SU01,2019101700-00044,1,70,10/17/2019 11:41:39,10/17/2019 11:41:48,,,965,965,SUCCESS,SFC_COMPLETE,MESYS,10/17/2019 09:41:50,10/17/2019 09:41:50,4
1297,L1_SA_SU,8,SU01,2019101700-00044,2,83,10/17/2019 11:42:19,10/17/2019 11:43:17,,,965,965,SUCCESS,SFC_SCRAP,MESYS,10/17/2019 09:43:19,10/17/2019 09:43:19,4
1297,L1_SA_SU,1,SU01,2019101700-00045,1,10,10/17/2019 11:37:25,10/17/2019 11:37:29,1,E02B0040002A2642,0,0,SUCCESS,SFC_COMPLETE,MESYS,10/17/2019 09:37:33,10/17/2019 09:37:33,4
1297,L1_SA_SU,2,SU01,2019101700-00045,1,20,10/17/2019 11:37:39,10/17/2019 11:37:52,,,0,203,SUCCESS,SFC_COMPLETE,MESYS,10/17/2019 09:37:56,10/17/2019 09:37:56,4
1297,L1_SA_SU,3,SU01,2019101700-00045,1,30,10/17/2019 11:37:59,10/17/2019 11:38:12,,,203,660,SUCCESS,SFC_COMPLETE,MESYS,10/17/2019 09:38:24,10/17/2019 09:38:24,4
1297,L1_SA_SU,4,SU01,2019101700-00045,1,40,10/17/2019 11:38:32,10/17/2019 11:38:49,,,660,660,SUCCESS,SFC_COMPLETE,MESYS,10/17/2019 09:38:55,10/17/2019 09:38:55,4
1297,L1_SA_SU,5,SU01,2019101700-00045,1,50,10/17/2019 11:38:58,10/17/2019 11:39:14,,,660,966,SUCCESS,SFC_COMPLETE,MESYS,10/17/2019 09:39:46,10/17/2019 09:39:46,4
1297,L1_SA_SU,6,SU01,2019101700-00045,1,60,10/17/2019 11:40:02,10/17/2019 11:40:13,,,966,966,SUCCESS,SFC_COMPLETE,MESYS,10/17/2019 09:40:18,10/17/2019 09:40:18,4
1297,L1_SA_SU,7,SU01,2019101700-00045,1,70,10/17/2019 11:42:07,10/17/2019 11:42:16,,,966,966,SUCCESS,SFC_COMPLETE,MESYS,10/17/2019 09:42:17,10/17/2019 09:42:17,4
1297,L1_SA_SU,8,SU01,2019101700-00045,2,83,10/17/2019 11:44:35,10/17/2019 11:45:07,,,966,966,SUCCESS,SFC_SCRAP,MESYS,10/17/2019 09:45:09,10/17/2019 09:45:09,4
1297,L1_SA_SU,1,SU01,2019101700-00046,1,10,10/17/2019 11:37:50,10/17/2019 11:37:54,1,E02B0040002A2691,0,0,SUCCESS,SFC_COMPLETE,MESYS,10/17/2019 09:37:57,10/17/2019 09:37:57,4
1297,L1_SA_SU,2,SU01,2019101700-00046,1,20,10/17/2019 11:38:05,10/17/2019 11:38:23,,,0,203,SUCCESS,SFC_COMPLETE,MESYS,10/17/2019 09:39:45,10/17/2019 09:39:45,4
1297,L1_SA_SU,3,SU01,2019101700-00046,1,30,10/17/2019 11:39:46,10/17/2019 11:39:59,,,203,659,SUCCESS,SFC_COMPLETE,MESYS,10/17/2019 09:40:04,10/17/2019 09:40:04,4
1297,L1_SA_SU,4,SU01,2019101700-00046,1,40,10/17/2019 11:40:08,10/17/2019 11:40:25,,,659,659,SUCCESS,SFC_COMPLETE,MESYS,10/17/2019 09:40:31,10/17/2019 09:40:31,4
1297,L1_SA_SU,5,SU01,2019101700-00046,1,50,10/17/2019 11:40:34,10/17/2019 11:40:56,,,659,963,SUCCESS,SFC_COMPLETE,MESYS,10/17/2019 09:41:01,10/17/2019 09:41:01,4
1297,L1_SA_SU,6,SU01,2019101700-00046,1,60,10/17/2019 11:41:13,10/17/2019 11:41:24,,,963,963,SUCCESS,SFC_COMPLETE,MESYS,10/17/2019 09:42:18,10/17/2019 09:42:18,4
1297,L1_SA_SU,7,SU01,2019101700-00046,1,70,10/17/2019 11:42:41,10/17/2019 11:42:50,,,963,963,SUCCESS,SFC_COMPLETE,MESYS,10/17/2019 09:42:52,10/17/2019 09:42:52,4
1297,L1_SA_SU,8,SU01,2019101700-00046,2,83,10/17/2019 12:02:02,10/17/2019 12:02:16,,,963,963,NEW,SFC_START,MESYS,10/17/2019 10:02:19,10/17/2019 10:02:19,5
1297,L1_SA_SU,1,SU01,2019101700-00047,1,10,10/17/2019 11:38:17,10/17/2019 11:38:21,1,E02B0040002A26DA,0,0,SUCCESS,SFC_COMPLETE,MESYS,10/17/2019 09:39:55,10/17/2019 09:39:55,4
1297,L1_SA_SU,2,SU01,2019101700-00047,1,20,10/17/2019 11:40:07,10/17/2019 11:40:23,,,0,203,SUCCESS,SFC_COMPLETE,MESYS,10/17/2019 09:40:59,10/17/2019 09:40:59,4
1297,L1_SA_SU,3,SU01,2019101700-00047,1,30,10/17/2019 11:41:01,10/17/2019 11:41:21,,,203,657,SUCCESS,SFC_COMPLETE,MESYS,10/17/2019 09:41:25,10/17/2019 09:41:25,4
1297,L1_SA_SU,4,SU01,2019101700-00047,1,40,10/17/2019 11:41:29,10/17/2019 11:41:46,,,657,657,SUCCESS,SFC_COMPLETE,MESYS,10/17/2019 09:41:53,10/17/2019 09:41:53,4
1297,L1_SA_SU,5,SU01,2019101700-00047,1,50,10/17/2019 11:41:56,10/17/2019 11:42:11,,,657,962,NEW,SFC_START,MESYS,10/17/2019 09:59:57,10/17/2019 09:59:57,5
1297,L1_SA_SU,6,SU01,2019101700-00047,1,60,10/17/2019 12:01:03,10/17/2019 12:01:14,,,962,962,NEW,SFC_START,MESYS,10/17/2019 10:01:27,10/17/2019 10:01:27,5
1297,L1_SA_SU,7,SU01,2019101700-00047,1,70,10/17/2019 12:01:47,10/17/2019 12:01:56,,,962,962,NEW,SFC_START,MESYS,10/17/2019 10:01:58,10/17/2019 10:01:58,5
1297,L1_SA_SU,8,SU01,2019101700-00047,2,83,10/17/2019 12:03:16,10/17/2019 12:03:39,,,962,962,NEW,SFC_START,MESYS,10/17/2019 10:03:41,10/17/2019 10:03:41,5
1297,L1_SA_SU,1,SU01,2019101700-00048,1,10,10/17/2019 11:40:07,10/17/2019 11:40:11,1,E02B0040002A272F,0,0,SUCCESS,SFC_COMPLETE,MESYS,10/17/2019 09:41:56,10/17/2019 09:41:56,4
1297,L1_SA_SU,2,SU01,2019101700-00048,1,20,10/17/2019 11:42:00,10/17/2019 11:42:13,,,0,204,SUCCESS,SFC_COMPLETE,MESYS,10/17/2019 09:42:19,10/17/2019 09:42:19,4
1297,L1_SA_SU,3,SU01,2019101700-00048,1,30,10/17/2019 11:42:20,10/17/2019 11:42:34,,,204,663,SUCCESS,SFC_COMPLETE,MESYS,10/17/2019 09:42:39,10/17/2019 09:42:39,4
1297,L1_SA_SU,4,SU01,2019101700-00048,1,40,10/17/2019 11:42:44,10/17/2019 11:43:00,,,663,663,SUCCESS,SFC_COMPLETE,MESYS,10/17/2019 09:45:29,10/17/2019 09:45:29,4
1297,L1_SA_SU,5,SU01,2019101700-00048,1,50,10/17/2019 12:01:11,10/17/2019 12:01:27,,,663,968,NEW,SFC_START,MESYS,10/17/2019 10:01:54,10/17/2019 10:01:54,5
1297,L1_SA_SU,6,SU01,2019101700-00048,1,60,10/17/2019 12:02:03,10/17/2019 12:02:14,,,968,968,NEW,SFC_START,MESYS,10/17/2019 10:02:18,10/17/2019 10:02:18,5
1297,L1_SA_SU,7,SU01,2019101700-00048,1,70,10/17/2019 12:02:59,10/17/2019 12:03:08,,,968,968,NEW,SFC_START,MESYS,10/17/2019 10:03:10,10/17/2019 10:03:10,5
1297,L1_SA_SU,8,SU01,2019101700-00048,2,83,10/17/2019 12:04:12,10/17/2019 12:04:23,,,968,968,NEW,SFC_START,MESYS,10/17/2019 10:04:25,10/17/2019 10:04:25,5
1297,L1_SA_SU,1,SU01,2019101700-00049,1,10,10/17/2019 11:42:47,10/17/2019 11:42:51,1,E02B004000000004,0,0,SUCCESS,SFC_COMPLETE,MESYS,10/17/2019 09:42:57,10/17/2019 09:42:57,4
1297,L1_SA_SU,2,SU01,2019101700-00049,1,20,10/17/2019 11:43:02,10/17/2019 11:43:16,,,0,204,NEW,SFC_START,MESYS,10/17/2019 09:59:52,10/17/2019 09:59:52,5
1297,L1_SA_SU,3,SU01,2019101700-00049,1,30,10/17/2019 12:01:33,10/17/2019 12:01:45,,,204,659,NEW,SFC_START,MESYS,10/17/2019 10:01:49,10/17/2019 10:01:49,5
1297,L1_SA_SU,4,SU01,2019101700-00049,1,40,10/17/2019 12:01:54,10/17/2019 12:02:11,,,659,659,NEW,SFC_START,MESYS,10/17/2019 10:02:17,10/17/2019 10:02:17,5
1297,L1_SA_SU,5,SU01,2019101700-00049,1,50,10/17/2019 12:02:19,10/17/2019 12:02:59,,,659,963,NEW,SFC_START,MESYS,10/17/2019 10:03:03,10/17/2019 10:03:03,5
1297,L1_SA_SU,6,SU01,2019101700-00049,1,60,10/17/2019 12:03:15,10/17/2019 12:03:26,,,963,963,NEW,SFC_START,MESYS,10/17/2019 10:03:32,10/17/2019 10:03:32,5
1297,L1_SA_SU,7,SU01,2019101700-00049,1,70,10/17/2019 12:03:49,10/17/2019 12:03:58,,,963,963,NEW,SFC_START,MESYS,10/17/2019 10:04:00,10/17/2019 10:04:00,5
1297,L1_SA_SU,8,SU01,2019101700-00049,2,83,10/17/2019 12:04:37,10/17/2019 12:05:09,,,963,963,NEW,SFC_START,MESYS,10/17/2019 10:05:10,10/17/2019 10:05:10,5
1297,L1_SA_SU,1,SU01,2019101700-00050,1,10,10/17/2019 11:43:07,10/17/2019 11:43:11,1,E02B0040002A28C5,0,0,SUCCESS,SFC_COMPLETE,MESYS,10/17/2019 09:45:01,10/17/2019 09:45:01,4
1297,L1_SA_SU,2,SU01,2019101700-00050,1,20,10/17/2019 12:01:04,10/17/2019 12:01:18,,,0,202,NEW,SFC_START,MESYS,10/17/2019 10:01:57,10/17/2019 10:01:57,5
1297,L1_SA_SU,3,SU01,2019101700-00050,1,30,10/17/2019 12:01:59,10/17/2019 12:02:13,,,202,658,NEW,SFC_START,MESYS,10/17/2019 10:02:23,10/17/2019 10:02:23,5
1297,L1_SA_SU,4,SU01,2019101700-00050,1,40,10/17/2019 12:02:29,10/17/2019 12:02:46,,,658,658,NEW,SFC_START,MESYS,10/17/2019 10:02:59,10/17/2019 10:02:59,5
1297,L1_SA_SU,5,SU01,2019101700-00050,1,50,10/17/2019 12:03:06,10/17/2019 12:03:21,,,658,962,NEW,SFC_START,MESYS,10/17/2019 10:03:31,10/17/2019 10:03:31,5
1297,L1_SA_SU,6,SU01,2019101700-00050,1,60,10/17/2019 12:03:39,10/17/2019 12:03:50,,,962,962,NEW,SFC_START,MESYS,10/17/2019 10:04:03,10/17/2019 10:04:03,5
1297,L1_SA_SU,7,SU01,2019101700-00050,1,70,10/17/2019 12:04:23,10/17/2019 12:04:32,,,962,962,NEW,SFC_START,MESYS,10/17/2019 10:04:33,10/17/2019 10:04:33,5
1297,L1_SA_SU,1,SU01,2019101701-00001,1,10,10/17/2019 12:14:16,10/17/2019 12:14:20,1,E02B004000000004,0,0,SUCCESS,SFC_COMPLETE,MESYS,10/17/2019 10:14:25,10/17/2019 10:14:25,4
1297,L1_SA_SU,2,SU01,2019101701-00001,1,20,10/17/2019 12:14:28,10/17/2019 12:14:40,,,0,202,SUCCESS,SFC_COMPLETE,MESYS,10/17/2019 10:14:46,10/17/2019 10:14:46,4
1297,L1_SA_SU,3,SU01,2019101701-00001,1,30,10/17/2019 12:14:48,10/17/2019 12:15:03,,,202,660,SUCCESS,SFC_COMPLETE,MESYS,10/17/2019 10:15:08,10/17/2019 10:15:08,4
1297,L1_SA_SU,4,SU01,2019101701-00001,1,40,10/17/2019 12:15:13,10/17/2019 12:15:30,,,660,660,SUCCESS,SFC_COMPLETE,MESYS,10/17/2019 10:15:35,10/17/2019 10:15:35,4
1297,L1_SA_SU,5,SU01,2019101701-00001,1,50,10/17/2019 12:15:39,10/17/2019 12:15:55,,,660,964,SUCCESS,SFC_COMPLETE,MESYS,10/17/2019 10:16:00,10/17/2019 10:16:00,4
1297,L1_SA_SU,6,SU01,2019101701-00001,1,60,10/17/2019 12:16:08,10/17/2019 12:16:19,,,964,964,SUCCESS,SFC_COMPLETE,MESYS,10/17/2019 10:16:25,10/17/2019 10:16:25,4
1297,L1_SA_SU,7,SU01,2019101701-00001,1,70,10/17/2019 12:16:51,10/17/2019 12:17:00,,,964,964,SUCCESS,SFC_COMPLETE,MESYS,10/17/2019 10:17:02,10/17/2019 10:17:02,4
1297,L1_SA_SU,8,SU01,2019101701-00001,1,80,10/17/2019 12:17:28,10/17/2019 12:17:39,,,964,964,SUCCESS,SFC_COMPLETE,MESYS,10/17/2019 10:17:46,10/17/2019 10:17:46,4
1297,L1_SA_SU,1,SU01,2019101701-00002,1,10,10/17/2019 12:18:19,10/17/2019 12:18:23,1,E02B0040002A29DD,0,0,SUCCESS,SFC_COMPLETE,MESYS,10/17/2019 10:18:28,10/17/2019 10:18:28,4
1297,L1_SA_SU,2,SU01,2019101701-00002,1,20,10/17/2019 12:18:31,10/17/2019 12:18:44,,,0,203,SUCCESS,SFC_COMPLETE,MESYS,10/17/2019 10:18:49,10/17/2019 10:18:49,4
1297,L1_SA_SU,3,SU01,2019101701-00002,1,30,10/17/2019 12:18:51,10/17/2019 12:19:06,,,203,659,SUCCESS,SFC_COMPLETE,MESYS,10/17/2019 10:19:10,10/17/2019 10:19:10,4
1297,L1_SA_SU,4,SU01,2019101701-00002,1,40,10/17/2019 12:19:15,10/17/2019 12:19:32,,,659,659,SUCCESS,SFC_COMPLETE,MESYS,10/17/2019 10:19:39,10/17/2019 10:19:39,4
1297,L1_SA_SU,5,SU01,2019101701-00002,1,50,10/17/2019 12:19:42,10/17/2019 12:20:00,,,659,964,SUCCESS,SFC_COMPLETE,MESYS,10/17/2019 10:20:10,10/17/2019 10:20:10,4
1297,L1_SA_SU,6,SU01,2019101701-00002,1,60,10/17/2019 12:20:31,10/17/2019 12:20:42,,,964,964,SUCCESS,SFC_COMPLETE,MESYS,10/17/2019 10:20:47,10/17/2019 10:20:47,4
1297,L1_SA_SU,7,SU01,2019101701-00002,1,70,10/17/2019 12:21:10,10/17/2019 12:21:19,,,964,964,SUCCESS,SFC_COMPLETE,MESYS,10/17/2019 10:21:23,10/17/2019 10:21:23,4
1297,L1_SA_SU,8,SU01,2019101701-00002,1,80,10/17/2019 12:22:06,10/17/2019 12:22:17,,,964,964,SUCCESS,SFC_COMPLETE,MESYS,10/17/2019 10:22:24,10/17/2019 10:22:24,4
1297,L1_SA_SU,1,SU01,2019101701-00003,1,10,10/17/2019 12:18:42,10/17/2019 12:18:46,1,E02B0040002A2A25,0,0,SUCCESS,SFC_COMPLETE,MESYS,10/17/2019 10:18:49,10/17/2019 10:18:49,4
1297,L1_SA_SU,2,SU01,2019101701-00003,1,20,10/17/2019 12:18:54,10/17/2019 12:19:07,,,0,203,SUCCESS,SFC_COMPLETE,MESYS,10/17/2019 10:19:11,10/17/2019 10:19:11,4
1297,L1_SA_SU,3,SU01,2019101701-00003,1,30,10/17/2019 12:19:15,10/17/2019 12:19:29,,,203,659,SUCCESS,SFC_COMPLETE,MESYS,10/17/2019 10:19:48,10/17/2019 10:19:48,4
1297,L1_SA_SU,4,SU01,2019101701-00003,1,40,10/17/2019 12:19:53,10/17/2019 12:20:10,,,659,659,SUCCESS,SFC_COMPLETE,MESYS,10/17/2019 10:20:15,10/17/2019 10:20:15,4
1297,L1_SA_SU,5,SU01,2019101701-00003,1,50,10/17/2019 12:20:17,10/17/2019 12:20:33,,,659,963,SUCCESS,SFC_COMPLETE,MESYS,10/17/2019 10:21:10,10/17/2019 10:21:10,4
1297,L1_SA_SU,6,SU01,2019101701-00003,1,60,10/17/2019 12:21:22,10/17/2019 12:21:34,,,963,963,SUCCESS,SFC_COMPLETE,MESYS,10/17/2019 10:21:37,10/17/2019 10:21:37,4
1297,L1_SA_SU,7,SU01,2019101701-00003,1,70,10/17/2019 12:21:54,10/17/2019 12:22:03,,,963,963,SUCCESS,SFC_COMPLETE,MESYS,10/17/2019 10:22:04,10/17/2019 10:22:04,4
1297,L1_SA_SU,8,SU01,2019101701-00003,1,80,10/17/2019 12:25:52,10/17/2019 12:26:03,,,963,963,SUCCESS,SFC_COMPLETE,MESYS,10/17/2019 10:26:16,10/17/2019 10:26:16,4
1297,L1_SA_SU,1,SU01,2019101701-00004,1,10,10/17/2019 12:18:56,10/17/2019 12:19:00,1,E02B0040002A2A83,0,0,SUCCESS,SFC_COMPLETE,MESYS,10/17/2019 10:19:08,10/17/2019 10:19:08,4
1297,L1_SA_SU,2,SU01,2019101701-00004,1,20,10/17/2019 12:19:15,10/17/2019 12:19:50,,,0,204,SUCCESS,SFC_COMPLETE,MESYS,10/17/2019 10:21:08,10/17/2019 10:21:08,4
1297,L1_SA_SU,3,SU01,2019101701-00004,2,31,10/17/2019 12:21:09,10/17/2019 12:21:16,,,204,204,SUCCESS,SFC_SCRAP,MESYS,10/17/2019 10:21:18,10/17/2019 10:21:18,4
1297,L1_SA_SU,1,SU01,2019101701-00005,1,10,10/17/2019 12:19:30,10/17/2019 12:19:34,1,E02B0040002A2ADB,0,0,SUCCESS,SFC_COMPLETE,MESYS,10/17/2019 10:21:23,10/17/2019 10:21:23,4
1297,L1_SA_SU,2,SU01,2019101701-00005,1,20,10/17/2019 12:21:28,10/17/2019 12:21:58,,,0,203,SUCCESS,SFC_COMPLETE,MESYS,10/17/2019 10:22:53,10/17/2019 10:22:53,4
1297,L1_SA_SU,3,SU01,2019101701-00005,1,30,10/17/2019 12:22:56,10/17/2019 12:23:12,,,203,661,SUCCESS,SFC_COMPLETE,MESYS,10/17/2019 10:23:16,10/17/2019 10:23:16,4
1297,L1_SA_SU,4,SU01,2019101701-00005,1,40,10/17/2019 12:23:59,10/17/2019 12:24:15,,,661,661,SUCCESS,SFC_COMPLETE,MESYS,10/17/2019 10:24:22,10/17/2019 10:24:22,4
1297,L1_SA_SU,5,SU01,2019101701-00005,1,50,10/17/2019 12:24:26,10/17/2019 12:24:43,,,661,965,SUCCESS,SFC_COMPLETE,MESYS,10/17/2019 10:24:52,10/17/2019 10:24:52,4
1297,L1_SA_SU,6,SU01,2019101701-00005,1,60,10/17/2019 12:25:00,10/17/2019 12:25:11,,,965,965,SUCCESS,SFC_COMPLETE,MESYS,10/17/2019 10:25:15,10/17/2019 10:25:15,4
1297,L1_SA_SU,7,SU01,2019101701-00005,1,70,10/17/2019 12:25:29,10/17/2019 12:25:38,,,965,965,SUCCESS,SFC_COMPLETE,MESYS,10/17/2019 10:25:40,10/17/2019 10:25:40,4
1297,L1_SA_SU,8,SU01,2019101701-00005,1,80,10/17/2019 12:26:45,10/17/2019 12:26:55,,,965,965,SUCCESS,SFC_COMPLETE,MESYS,10/17/2019 10:27:00,10/17/2019 10:27:00,4
1297,L1_SA_SU,1,SU01,2019101701-00006,1,10,10/17/2019 12:21:40,10/17/2019 12:21:44,1,E02B0040002A2B3D,0,0,SUCCESS,SFC_COMPLETE,MESYS,10/17/2019 10:22:10,10/17/2019 10:22:10,4
1297,L1_SA_SU,2,SU01,2019101701-00006,1,20,10/17/2019 12:24:04,10/17/2019 12:24:22,,,0,203,SUCCESS,SFC_COMPLETE,MESYS,10/17/2019 10:24:28,10/17/2019 10:24:28,4
1297,L1_SA_SU,3,SU01,2019101701-00006,1,30,10/17/2019 12:24:31,10/17/2019 12:24:49,,,203,659,SUCCESS,SFC_COMPLETE,MESYS,10/17/2019 10:24:54,10/17/2019 10:24:54,4
1297,L1_SA_SU,4,SU01,2019101701-00006,1,40,10/17/2019 12:24:59,10/17/2019 12:25:16,,,659,659,SUCCESS,SFC_COMPLETE,MESYS,10/17/2019 10:25:22,10/17/2019 10:25:22,4
1297,L1_SA_SU,5,SU01,2019101701-00006,1,50,10/17/2019 12:25:25,10/17/2019 12:25:40,,,659,964,SUCCESS,SFC_COMPLETE,MESYS,10/17/2019 10:25:46,10/17/2019 10:25:46,4
1297,L1_SA_SU,6,SU01,2019101701-00006,1,60,10/17/2019 12:25:56,10/17/2019 12:26:07,,,964,964,SUCCESS,SFC_COMPLETE,MESYS,10/17/2019 10:26:10,10/17/2019 10:26:10,4
1297,L1_SA_SU,7,SU01,2019101701-00006,1,70,10/17/2019 12:26:25,10/17/2019 12:26:34,,,964,964,SUCCESS,SFC_COMPLETE,MESYS,10/17/2019 10:26:36,10/17/2019 10:26:36,4
1297,L1_SA_SU,8,SU01,2019101701-00006,1,80,10/17/2019 12:27:46,10/17/2019 12:27:56,,,964,964,SUCCESS,SFC_COMPLETE,MESYS,10/17/2019 10:28:00,10/17/2019 10:28:00,4
1297,L1_SA_SU,1,SU01,2019101701-00007,1,10,10/17/2019 12:24:11,10/17/2019 12:24:15,1,E02B0040002A2B95,0,0,SUCCESS,SFC_COMPLETE,MESYS,10/17/2019 10:24:20,10/17/2019 10:24:20,4
1297,L1_SA_SU,2,SU01,2019101701-00007,1,20,10/17/2019 12:24:31,10/17/2019 12:24:48,,,0,203,SUCCESS,SFC_COMPLETE,MESYS,10/17/2019 10:25:41,10/17/2019 10:25:41,4
1297,L1_SA_SU,3,SU01,2019101701-00007,1,30,10/17/2019 12:25:44,10/17/2019 12:25:58,,,203,660,SUCCESS,SFC_COMPLETE,MESYS,10/17/2019 10:26:02,10/17/2019 10:26:02,4
1297,L1_SA_SU,4,SU01,2019101701-00007,1,40,10/17/2019 12:26:06,10/17/2019 12:26:23,,,660,660,SUCCESS,SFC_COMPLETE,MESYS,10/17/2019 10:26:28,10/17/2019 10:26:28,4
1297,L1_SA_SU,5,SU01,2019101701-00007,1,50,10/17/2019 12:26:31,10/17/2019 12:26:46,,,660,965,SUCCESS,SFC_COMPLETE,MESYS,10/17/2019 10:26:51,10/17/2019 10:26:51,4
1297,L1_SA_SU,6,SU01,2019101701-00007,1,60,10/17/2019 12:26:59,10/17/2019 12:27:10,,,965,965,SUCCESS,SFC_COMPLETE,MESYS,10/17/2019 10:27:15,10/17/2019 10:27:15,4
1297,L1_SA_SU,7,SU01,2019101701-00007,1,70,10/17/2019 12:27:32,10/17/2019 12:27:40,,,965,965,SUCCESS,SFC_COMPLETE,MESYS,10/17/2019 10:27:42,10/17/2019 10:27:42,4
1297,L1_SA_SU,8,SU01,2019101701-00007,1,80,10/17/2019 12:31:56,10/17/2019 12:32:07,,,965,965,SUCCESS,SFC_COMPLETE,MESYS,10/17/2019 10:32:17,10/17/2019 10:32:17,4
1297,L1_SA_SU,1,SU01,2019101701-00008,1,10,10/17/2019 12:24:42,10/17/2019 12:24:46,1,E02B0040002A2BFA,0,0,SUCCESS,SFC_COMPLETE,MESYS,10/17/2019 10:25:58,10/17/2019 10:25:58,4
1297,L1_SA_SU,2,SU01,2019101701-00008,1,20,10/17/2019 12:26:04,10/17/2019 12:26:30,,,0,203,SUCCESS,SFC_COMPLETE,MESYS,10/17/2019 10:27:51,10/17/2019 10:27:51,4
1297,L1_SA_SU,3,SU01,2019101701-00008,1,30,10/17/2019 12:28:26,10/17/2019 12:28:43,,,203,657,SUCCESS,SFC_COMPLETE,MESYS,10/17/2019 10:28:47,10/17/2019 10:28:47,4
1297,L1_SA_SU,4,SU01,2019101701-00008,1,40,10/17/2019 12:29:44,10/17/2019 12:30:01,,,657,657,SUCCESS,SFC_COMPLETE,MESYS,10/17/2019 10:30:07,10/17/2019 10:30:07,4
1297,L1_SA_SU,5,SU01,2019101701-00008,1,50,10/17/2019 12:30:09,10/17/2019 12:30:26,,,657,963,SUCCESS,SFC_COMPLETE,MESYS,10/17/2019 10:30:31,10/17/2019 10:30:31,4
1297,L1_SA_SU,6,SU01,2019101701-00008,1,60,10/17/2019 12:30:39,10/17/2019 12:30:50,,,963,963,SUCCESS,SFC_COMPLETE,MESYS,10/17/2019 10:30:54,10/17/2019 10:30:54,4
1297,L1_SA_SU,7,SU01,2019101701-00008,1,70,10/17/2019 12:31:38,10/17/2019 12:31:47,,,963,963,SUCCESS,SFC_COMPLETE,MESYS,10/17/2019 10:31:49,10/17/2019 10:31:49,4
1297,L1_SA_SU,8,SU01,2019101701-00008,1,80,10/17/2019 12:32:42,10/17/2019 12:32:53,,,963,963,SUCCESS,SFC_COMPLETE,MESYS,10/17/2019 10:32:57,10/17/2019 10:32:57,4
1297,L1_SA_SU,1,SU01,2019101701-00009,1,10,10/17/2019 12:26:13,10/17/2019 12:26:17,1,E02B0040002A2C52,0,0,SUCCESS,SFC_COMPLETE,MESYS,10/17/2019 10:26:28,10/17/2019 10:26:28,4
1297,L1_SA_SU,2,SU01,2019101701-00009,1,20,10/17/2019 12:28:02,10/17/2019 12:28:17,,,0,203,SUCCESS,SFC_COMPLETE,MESYS,10/17/2019 10:28:22,10/17/2019 10:28:22,4
1297,L1_SA_SU,3,SU01,2019101701-00009,1,30,10/17/2019 12:30:16,10/17/2019 12:30:29,,,203,662,SUCCESS,SFC_COMPLETE,MESYS,10/17/2019 10:30:34,10/17/2019 10:30:34,4
1297,L1_SA_SU,4,SU01,2019101701-00009,1,40,10/17/2019 12:30:38,10/17/2019 12:30:55,,,662,662,SUCCESS,SFC_COMPLETE,MESYS,10/17/2019 10:31:00,10/17/2019 10:31:00,4
1297,L1_SA_SU,5,SU01,2019101701-00009,1,50,10/17/2019 12:31:04,10/17/2019 12:31:21,,,662,966,SUCCESS,SFC_COMPLETE,MESYS,10/17/2019 10:31:39,10/17/2019 10:31:39,4
1297,L1_SA_SU,6,SU01,2019101701-00009,1,60,10/17/2019 12:31:48,10/17/2019 12:31:59,,,966,966,SUCCESS,SFC_COMPLETE,MESYS,10/17/2019 10:32:03,10/17/2019 10:32:03,4
1297,L1_SA_SU,7,SU01,2019101701-00009,1,70,10/17/2019 12:32:30,10/17/2019 12:32:39,,,966,966,SUCCESS,SFC_COMPLETE,MESYS,10/17/2019 10:32:40,10/17/2019 10:32:40,4
1297,L1_SA_SU,8,SU01,2019101701-00009,1,80,10/17/2019 12:33:36,10/17/2019 12:33:46,,,966,966,SUCCESS,SFC_COMPLETE,MESYS,10/17/2019 10:33:52,10/17/2019 10:33:52,4
1297,L1_SA_SU,1,SU01,2019101701-00010,1,10,10/17/2019 12:26:52,10/17/2019 12:26:56,1,E02B0040002A2CB8,0,0,SUCCESS,SFC_COMPLETE,MESYS,10/17/2019 10:30:47,10/17/2019 10:30:47,4
1297,L1_SA_SU,2,SU01,2019101701-00010,1,20,10/17/2019 12:31:10,10/17/2019 12:31:25,,,0,202,SUCCESS,SFC_COMPLETE,MESYS,10/17/2019 10:31:35,10/17/2019 10:31:35,4
1297,L1_SA_SU,3,SU01,2019101701-00010,1,30,10/17/2019 12:31:38,10/17/2019 12:31:52,,,202,660,SUCCESS,SFC_COMPLETE,MESYS,10/17/2019 10:31:57,10/17/2019 10:31:57,4
1297,L1_SA_SU,4,SU01,2019101701-00010,1,40,10/17/2019 12:32:01,10/17/2019 12:32:18,,,660,660,SUCCESS,SFC_COMPLETE,MESYS,10/17/2019 10:32:23,10/17/2019 10:32:23,4
1297,L1_SA_SU,5,SU01,2019101701-00010,1,50,10/17/2019 12:32:26,10/17/2019 12:32:42,,,660,965,SUCCESS,SFC_COMPLETE,MESYS,10/17/2019 10:32:45,10/17/2019 10:32:45,4
1297,L1_SA_SU,6,SU01,2019101701-00010,1,60,10/17/2019 12:32:53,10/17/2019 12:33:04,,,965,965,SUCCESS,SFC_COMPLETE,MESYS,10/17/2019 10:33:08,10/17/2019 10:33:08,4
1297,L1_SA_SU,7,SU01,2019101701-00010,1,70,10/17/2019 12:33:23,10/17/2019 12:33:32,,,965,965,SUCCESS,SFC_COMPLETE,MESYS,10/17/2019 10:33:34,10/17/2019 10:33:34,4
1297,L1_SA_SU,8,SU01,2019101701-00010,1,80,10/17/2019 12:34:48,10/17/2019 12:34:59,,,965,965,SUCCESS,SFC_COMPLETE,MESYS,10/17/2019 10:35:03,10/17/2019 10:35:03,4
1297,L1_SA_SU,1,SU01,2019101701-00011,1,10,10/17/2019 12:31:41,10/17/2019 12:31:45,1,E02B0040002A2D10,0,0,SUCCESS,SFC_COMPLETE,MESYS,10/17/2019 10:31:58,10/17/2019 10:31:58,4
1297,L1_SA_SU,2,SU01,2019101701-00011,1,20,10/17/2019 12:32:02,10/17/2019 12:32:35,,,0,204,SUCCESS,SFC_COMPLETE,MESYS,10/17/2019 10:32:38,10/17/2019 10:32:38,4
1297,L1_SA_SU,3,SU01,2019101701-00011,1,30,10/17/2019 12:32:43,10/17/2019 12:32:55,,,204,662,SUCCESS,SFC_COMPLETE,MESYS,10/17/2019 10:32:59,10/17/2019 10:32:59,4
1297,L1_SA_SU,4,SU01,2019101701-00011,1,40,10/17/2019 12:33:04,10/17/2019 12:33:21,,,662,662,SUCCESS,SFC_COMPLETE,MESYS,10/17/2019 10:33:26,10/17/2019 10:33:26,4
1297,L1_SA_SU,5,SU01,2019101701-00011,1,50,10/17/2019 12:33:30,10/17/2019 12:33:44,,,662,966,SUCCESS,SFC_COMPLETE,MESYS,10/17/2019 10:33:47,10/17/2019 10:33:47,4
1297,L1_SA_SU,6,SU01,2019101701-00011,1,60,10/17/2019 12:33:56,10/17/2019 12:34:08,,,966,966,SUCCESS,SFC_COMPLETE,MESYS,10/17/2019 10:34:12,10/17/2019 10:34:12,4
1297,L1_SA_SU,7,SU01,2019101701-00011,1,70,10/17/2019 12:34:35,10/17/2019 12:34:44,,,966,966,SUCCESS,SFC_COMPLETE,MESYS,10/17/2019 10:34:45,10/17/2019 10:34:45,4
1297,L1_SA_SU,8,SU01,2019101701-00011,1,80,10/17/2019 12:36:02,10/17/2019 12:36:12,,,966,966,SUCCESS,SFC_COMPLETE,MESYS,10/17/2019 10:36:16,10/17/2019 10:36:16,4
1297,L1_SA_SU,1,SU01,2019101701-00012,1,10,10/17/2019 12:32:13,10/17/2019 12:32:17,1,E02B0040002A2D78,0,0,SUCCESS,SFC_COMPLETE,MESYS,10/17/2019 10:32:44,10/17/2019 10:32:44,4
1297,L1_SA_SU,2,SU01,2019101701-00012,1,20,10/17/2019 12:32:49,10/17/2019 12:33:27,,,0,202,SUCCESS,SFC_COMPLETE,MESYS,10/17/2019 10:33:30,10/17/2019 10:33:30,4
1297,L1_SA_SU,3,SU01,2019101701-00012,1,30,10/17/2019 12:33:35,10/17/2019 12:33:50,,,202,660,SUCCESS,SFC_COMPLETE,MESYS,10/17/2019 10:33:54,10/17/2019 10:33:54,4
1297,L1_SA_SU,4,SU01,2019101701-00012,1,40,10/17/2019 12:33:59,10/17/2019 12:34:15,,,660,660,SUCCESS,SFC_COMPLETE,MESYS,10/17/2019 10:34:21,10/17/2019 10:34:21,4
1297,L1_SA_SU,5,SU01,2019101701-00012,1,50,10/17/2019 12:34:26,10/17/2019 12:34:42,,,660,964,SUCCESS,SFC_COMPLETE,MESYS,10/17/2019 10:34:57,10/17/2019 10:34:57,4
1297,L1_SA_SU,6,SU01,2019101701-00012,1,60,10/17/2019 12:35:09,10/17/2019 12:35:21,,,964,964,SUCCESS,SFC_COMPLETE,MESYS,10/17/2019 10:35:24,10/17/2019 10:35:24,4
1297,L1_SA_SU,7,SU01,2019101701-00012,1,70,10/17/2019 12:35:49,10/17/2019 12:35:58,,,964,964,SUCCESS,SFC_COMPLETE,MESYS,10/17/2019 10:36:00,10/17/2019 10:36:00,4
1297,L1_SA_SU,8,SU01,2019101701-00012,1,80,10/17/2019 12:37:08,10/17/2019 12:37:19,,,964,964,SUCCESS,SFC_COMPLETE,MESYS,10/17/2019 10:37:22,10/17/2019 10:37:22,4
1297,L1_SA_SU,1,SU01,2019101701-00013,1,10,10/17/2019 12:33:09,10/17/2019 12:33:13,1,E02B0040002A2DD0,0,0,SUCCESS,SFC_COMPLETE,MESYS,10/17/2019 10:33:42,10/17/2019 10:33:42,4
1297,L1_SA_SU,2,SU01,2019101701-00013,1,20,10/17/2019 12:33:47,10/17/2019 12:34:39,,,0,203,SUCCESS,SFC_COMPLETE,MESYS,10/17/2019 10:34:42,10/17/2019 10:34:42,4
1297,L1_SA_SU,3,SU01,2019101701-00013,1,30,10/17/2019 12:34:53,10/17/2019 12:35:08,,,203,660,SUCCESS,SFC_COMPLETE,MESYS,10/17/2019 10:35:12,10/17/2019 10:35:12,4
1297,L1_SA_SU,4,SU01,2019101701-00013,1,40,10/17/2019 12:35:15,10/17/2019 12:35:32,,,660,660,SUCCESS,SFC_COMPLETE,MESYS,10/17/2019 10:35:38,10/17/2019 10:35:38,4
1297,L1_SA_SU,5,SU01,2019101701-00013,1,50,10/17/2019 12:35:41,10/17/2019 12:36:00,,,660,966,SUCCESS,SFC_COMPLETE,MESYS,10/17/2019 10:36:20,10/17/2019 10:36:20,4
1297,L1_SA_SU,6,SU01,2019101701-00013,1,60,10/17/2019 12:36:27,10/17/2019 12:36:38,,,966,966,SUCCESS,SFC_COMPLETE,MESYS,10/17/2019 10:36:41,10/17/2019 10:36:41,4
1297,L1_SA_SU,7,SU01,2019101701-00013,1,70,10/17/2019 12:36:55,10/17/2019 12:37:04,,,966,966,SUCCESS,SFC_COMPLETE,MESYS,10/17/2019 10:37:05,10/17/2019 10:37:05,4
1297,L1_SA_SU,8,SU01,2019101701-00013,1,80,10/17/2019 12:38:17,10/17/2019 12:38:27,,,966,966,SUCCESS,SFC_COMPLETE,MESYS,10/17/2019 10:38:51,10/17/2019 10:38:51,4
1297,L1_SA_SU,1,SU01,2019101701-00014,1,10,10/17/2019 12:34:10,10/17/2019 12:34:14,1,E02B0040002A2E38,0,0,SUCCESS,SFC_COMPLETE,MESYS,10/17/2019 10:34:54,10/17/2019 10:34:54,4
1297,L1_SA_SU,2,SU01,2019101701-00014,1,20,10/17/2019 12:35:55,10/17/2019 12:36:12,,,0,204,SUCCESS,SFC_COMPLETE,MESYS,10/17/2019 10:36:15,10/17/2019 10:36:15,4
1297,L1_SA_SU,3,SU01,2019101701-00014,1,30,10/17/2019 12:36:17,10/17/2019 12:36:31,,,204,660,SUCCESS,SFC_COMPLETE,MESYS,10/17/2019 10:36:35,10/17/2019 10:36:35,4
1297,L1_SA_SU,4,SU01,2019101701-00014,1,40,10/17/2019 12:36:39,10/17/2019 12:36:56,,,660,660,SUCCESS,SFC_COMPLETE,MESYS,10/17/2019 10:37:01,10/17/2019 10:37:01,4
1297,L1_SA_SU,5,SU01,2019101701-00014,1,50,10/17/2019 12:37:05,10/17/2019 12:37:20,,,660,965,SUCCESS,SFC_COMPLETE,MESYS,10/17/2019 10:37:24,10/17/2019 10:37:24,4
1297,L1_SA_SU,6,SU01,2019101701-00014,1,60,10/17/2019 12:37:31,10/17/2019 12:37:43,,,965,965,SUCCESS,SFC_COMPLETE,MESYS,10/17/2019 10:37:46,10/17/2019 10:37:46,4
1297,L1_SA_SU,7,SU01,2019101701-00014,1,70,10/17/2019 12:38:00,10/17/2019 12:38:09,,,965,965,SUCCESS,SFC_COMPLETE,MESYS,10/17/2019 10:38:10,10/17/2019 10:38:10,4
1297,L1_SA_SU,8,SU01,2019101701-00014,1,80,10/17/2019 12:39:38,10/17/2019 12:39:49,,,965,965,SUCCESS,SFC_COMPLETE,MESYS,10/17/2019 10:39:55,10/17/2019 10:39:55,4
1297,L1_SA_SU,1,SU01,2019101701-00015,1,10,10/17/2019 12:35:16,10/17/2019 12:35:20,1,E02B0040002A2E90,0,0,SUCCESS,SFC_COMPLETE,MESYS,10/17/2019 10:36:25,10/17/2019 10:36:25,4
1297,L1_SA_SU,2,SU01,2019101701-00015,1,20,10/17/2019 12:36:29,10/17/2019 12:37:00,,,0,203,SUCCESS,SFC_COMPLETE,MESYS,10/17/2019 10:37:02,10/17/2019 10:37:02,4
1297,L1_SA_SU,3,SU01,2019101701-00015,1,30,10/17/2019 12:37:07,10/17/2019 12:37:30,,,203,659,SUCCESS,SFC_COMPLETE,MESYS,10/17/2019 10:37:33,10/17/2019 10:37:33,4
1297,L1_SA_SU,4,SU01,2019101701-00015,1,40,10/17/2019 12:37:37,10/17/2019 12:37:54,,,659,659,SUCCESS,SFC_COMPLETE,MESYS,10/17/2019 10:38:14,10/17/2019 10:38:14,4
1297,L1_SA_SU,5,SU01,2019101701-00015,1,50,10/17/2019 12:38:18,10/17/2019 12:38:33,,,659,963,SUCCESS,SFC_COMPLETE,MESYS,10/17/2019 10:38:37,10/17/2019 10:38:37,4
1297,L1_SA_SU,6,SU01,2019101701-00015,1,60,10/17/2019 12:38:44,10/17/2019 12:38:56,,,963,963,SUCCESS,SFC_COMPLETE,MESYS,10/17/2019 10:38:59,10/17/2019 10:38:59,4
1297,L1_SA_SU,7,SU01,2019101701-00015,1,70,10/17/2019 12:39:14,10/17/2019 12:39:22,,,963,963,SUCCESS,SFC_COMPLETE,MESYS,10/17/2019 10:39:25,10/17/2019 10:39:25,4
1297,L1_SA_SU,8,SU01,2019101701-00015,1,80,10/17/2019 12:41:08,10/17/2019 12:41:19,,,963,963,SUCCESS,SFC_COMPLETE,MESYS,10/17/2019 10:41:23,10/17/2019 10:41:23,4
1297,L1_SA_SU,1,SU01,2019101701-00016,1,10,10/17/2019 12:36:38,10/17/2019 12:36:42,1,E02B0040002A2EFA,0,0,SUCCESS,SFC_COMPLETE,MESYS,10/17/2019 10:37:10,10/17/2019 10:37:10,4
1297,L1_SA_SU,2,SU01,2019101701-00016,1,20,10/17/2019 12:37:14,10/17/2019 12:38:08,,,0,203,SUCCESS,SFC_COMPLETE,MESYS,10/17/2019 10:38:19,10/17/2019 10:38:19,4
1297,L1_SA_SU,3,SU01,2019101701-00016,1,30,10/17/2019 12:38:23,10/17/2019 12:38:40,,,203,659,SUCCESS,SFC_COMPLETE,MESYS,10/17/2019 10:38:45,10/17/2019 10:38:45,4
1297,L1_SA_SU,4,SU01,2019101701-00016,1,40,10/17/2019 12:38:49,10/17/2019 12:39:06,,,659,659,SUCCESS,SFC_COMPLETE,MESYS,10/17/2019 10:39:11,10/17/2019 10:39:11,4
1297,L1_SA_SU,5,SU01,2019101701-00016,1,50,10/17/2019 12:39:14,10/17/2019 12:39:40,,,659,965,SUCCESS,SFC_COMPLETE,MESYS,10/17/2019 10:39:48,10/17/2019 10:39:48,4
1297,L1_SA_SU,6,SU01,2019101701-00016,1,61,10/17/2019 12:39:57,10/17/2019 12:40:08,,,965,965,SUCCESS,SFC_COMPLETE,MESYS,10/17/2019 10:40:11,10/17/2019 10:40:11,4
1297,L1_SA_SU,7,SU01,2019101701-00016,1,70,10/17/2019 12:40:30,10/17/2019 12:40:39,,,965,965,SUCCESS,SFC_COMPLETE,MESYS,10/17/2019 10:40:41,10/17/2019 10:40:41,4
1297,L1_SA_SU,8,SU01,2019101701-00016,1,80,10/17/2019 12:42:17,10/17/2019 12:42:27,,,965,965,SUCCESS,SFC_COMPLETE,MESYS,10/17/2019 10:42:34,10/17/2019 10:42:34,4
1297,L1_SA_SU,1,SU01,2019101701-00017,1,10,10/17/2019 12:38:36,10/17/2019 12:38:40,1,E02B0040002A3014,0,0,SUCCESS,SFC_COMPLETE,MESYS,10/17/2019 10:38:43,10/17/2019 10:38:43,4
1297,L1_SA_SU,2,SU01,2019101701-00017,1,20,10/17/2019 12:38:49,10/17/2019 12:39:37,,,0,202,SUCCESS,SFC_COMPLETE,MESYS,10/17/2019 10:39:41,10/17/2019 10:39:41,4
1297,L1_SA_SU,3,SU01,2019101701-00017,1,30,10/17/2019 12:39:43,10/17/2019 12:39:56,,,202,659,SUCCESS,SFC_COMPLETE,MESYS,10/17/2019 10:40:01,10/17/2019 10:40:01,4
1297,L1_SA_SU,4,SU01,2019101701-00017,1,40,10/17/2019 12:40:04,10/17/2019 12:40:21,,,659,659,SUCCESS,SFC_COMPLETE,MESYS,10/17/2019 10:40:30,10/17/2019 10:40:30,4
1297,L1_SA_SU,5,SU01,2019101701-00017,1,50,10/17/2019 12:40:33,10/17/2019 12:40:48,,,659,964,SUCCESS,SFC_COMPLETE,MESYS,10/17/2019 10:41:13,10/17/2019 10:41:13,4
1297,L1_SA_SU,6,SU01,2019101701-00017,1,60,10/17/2019 12:41:24,10/17/2019 12:41:36,,,964,964,SUCCESS,SFC_COMPLETE,MESYS,10/17/2019 10:41:41,10/17/2019 10:41:41,4
1297,L1_SA_SU,7,SU01,2019101701-00017,1,70,10/17/2019 12:41:58,10/17/2019 12:42:07,,,964,964,SUCCESS,SFC_COMPLETE,MESYS,10/17/2019 10:42:09,10/17/2019 10:42:09,4
1297,L1_SA_SU,8,SU01,2019101701-00017,1,80,10/17/2019 12:43:05,10/17/2019 12:43:15,,,964,964,SUCCESS,SFC_COMPLETE,MESYS,10/17/2019 10:43:20,10/17/2019 10:43:20,4
1297,L1_SA_SU,1,SU01,2019101701-00018,1,10,10/17/2019 12:39:02,10/17/2019 12:39:06,1,E02B0040002A307E,0,0,SUCCESS,SFC_COMPLETE,MESYS,10/17/2019 10:39:42,10/17/2019 10:39:42,4
1297,L1_SA_SU,2,SU01,2019101701-00018,1,20,10/17/2019 12:39:46,10/17/2019 12:40:51,,,0,203,SUCCESS,SFC_COMPLETE,MESYS,10/17/2019 10:40:56,10/17/2019 10:40:56,4
1297,L1_SA_SU,3,SU01,2019101701-00018,1,30,10/17/2019 12:40:58,10/17/2019 12:41:12,,,203,658,SUCCESS,SFC_COMPLETE,MESYS,10/17/2019 10:41:17,10/17/2019 10:41:17,4
1297,L1_SA_SU,4,SU01,2019101701-00018,1,40,10/17/2019 12:41:21,10/17/2019 12:41:38,,,658,658,SUCCESS,SFC_COMPLETE,MESYS,10/17/2019 10:41:43,10/17/2019 10:41:43,4
1297,L1_SA_SU,5,SU01,2019101701-00018,1,50,10/17/2019 12:41:49,10/17/2019 12:42:04,,,658,964,SUCCESS,SFC_COMPLETE,MESYS,10/17/2019 10:42:08,10/17/2019 10:42:08,4
1297,L1_SA_SU,6,SU01,2019101701-00018,1,60,10/17/2019 12:42:18,10/17/2019 12:42:29,,,964,964,SUCCESS,SFC_COMPLETE,MESYS,10/17/2019 10:42:32,10/17/2019 10:42:32,4
1297,L1_SA_SU,7,SU01,2019101701-00018,1,70,10/17/2019 12:42:51,10/17/2019 12:43:00,,,964,964,SUCCESS,SFC_COMPLETE,MESYS,10/17/2019 10:43:02,10/17/2019 10:43:02,4
1297,L1_SA_SU,8,SU01,2019101701-00018,1,80,10/17/2019 12:43:34,10/17/2019 12:43:44,,,964,964,SUCCESS,SFC_COMPLETE,MESYS,10/17/2019 10:43:48,10/17/2019 10:43:48,4
